Menu Item ID,Menu Item,Category > Sub,Current Image,Matched Image,Canonical Target,Confidence,Tier,Reason,Status
1,FLASH PAN FRIED CHICKEN LIVERS,Starters > SMALL PLATES,Images/FLASH PAN FRIED CHICKEN LIVERS.jpg,flash_pan_fried_chicken_livers.jpg,FLASH PAN FRIED CHICKEN LIVERS.jpg,100,T1,exact normalized (unique),MATCHED
2,CHICKEN TRINCHADO,Starters > SMALL PLATES,Images/CHICKEN TRINCHADO.jpg,chicken_trinchado.jpg,CHICKEN TRINCHADO.jpg,100,T1,exact normalized (unique),MATCHED
3,FIRECRACKER CHICKEN WINGS (400g),Starters > SMALL PLATES,Images/FIRECRACKER CHICKEN WINGS.jpg,firecracker_chicken_wings_400g.jpg,FIRECRACKER CHICKEN WINGS (400g).jpg,100,T1,exact normalized (unique),MATCHED
4,BEEF BILTONG,Starters > SMALL PLATES,Images/BEEF BILTONG.jpg,beef_biltong.jpg,BEEF BILTONG.jpg,100,T1,exact normalized (unique),MATCHED
5,BOEREWORS & CHAKALAKA,Starters > SMALL PLATES,Images/BOEREWORS & CHAKALAKA.jpg,boerewors_and_chakalaka.jpg,BOEREWORS & CHAKALAKA.jpg,100,T1,exact normalized (unique),MATCHED
6,SPRINGBOK CARPACCIO,Starters > SMALL PLATES,/uploads/menu-media/6.webp,springbok_carpaccio.jpg,SPRINGBOK CARPACCIO.jpg,100,T1,exact normalized (unique),MATCHED
7,GARLIC SNAILS,Starters > SMALL PLATES,Images/GARLIC SNAILS.jpg,garlic_snails.jpg,GARLIC SNAILS.jpg,100,T1,exact normalized (unique),MATCHED
8,GARLIC LEMON CALAMARI,Starters > SMALL PLATES,Images/GARLIC LEMON CALAMARI.jpg,garlic_lemon_calamari.jpg,GARLIC LEMON CALAMARI.jpg,100,T1,exact normalized (unique),MATCHED
9,MUSSELS,Starters > SMALL PLATES,Images/MUSSELS.jpg,mussels.jpg,MUSSELS.jpg,100,T1,exact normalized (unique),MATCHED
10,QUEEN PRAWNS 3's,Starters > SMALL PLATES,Images/Butter-garlic-prawns.jpg,queen_prawns_3_s.jpg,QUEEN PRAWNS 3's.jpg,100,T1,exact normalized (unique),MATCHED
11,FRIED HALLOUMI FINGERS,Starters > SMALL PLATES,Images/FRIED HALLOUMI FINGERS.jpg,fried_halloumi_fingers.jpg,FRIED HALLOUMI FINGERS.jpg,100,T1,exact normalized (unique),MATCHED
12,SMALL GREEK SALAD,Starters > SMALL PLATES,Images/SMALL GREEK SALAD.jpg,small_greek_salad.jpg,SMALL GREEK SALAD.jpg,100,T1,exact normalized (unique),MATCHED
13,TEMPURA CHICKEN,Starters > TEMPURA,Images/TEMPURA CHICKEN.jpg,tempura_chicken.jpg,TEMPURA CHICKEN.jpg,100,T1,exact normalized (unique),MATCHED
14,TEMPURA PRAWN,Starters > TEMPURA,Images/TEMPURA PRAWN.jpg,tempura_prawn.jpg,TEMPURA PRAWN.jpg,100,T1,exact normalized (unique),MATCHED
15,TEMPURA BILTONG,Starters > TEMPURA,Images/TEMPURA BILTONG.jpg,tempura_biltong.jpg,TEMPURA BILTONG.jpg,100,T1,exact normalized (unique),MATCHED
16,TRUMPS SALAD,Salads > BESPOKE SALADS,Images/TRUMPS SALAD.jpg,trumps_salad.jpg,TRUMPS SALAD.jpg,100,T1,exact normalized (unique),MATCHED
17,GREEK SALAD,Salads > BESPOKE SALADS,Images/GREEK SALAD.jpg,greek_salad.jpg,GREEK SALAD.jpg,100,T1,exact normalized (unique),MATCHED
18,HALLOUMI SALAD,Salads > BESPOKE SALADS,Images/HALLOUMI SALAD.jpg,halloumi_salad.jpg,HALLOUMI SALAD.jpg,100,T1,exact normalized (unique),MATCHED
19,CAPRESE & AVOCADO SALAD,Salads > BESPOKE SALADS,Images/Veg Meze Platter.jpg,caprese_and_avocado_salad_19.jpg,CAPRESE & AVOCADO SALAD [19].jpg,100,T0,id-suffix _19 + name match,MATCHED
20,TRUMPS CHAR GRILLED CHICKEN,Salads > BESPOKE SALADS,Images/TRUMPS CHAR GRILLED CHICKEN.jpg,trumps_char_grilled_chicken.jpg,TRUMPS CHAR GRILLED CHICKEN.jpg,100,T1,exact normalized (unique),MATCHED
21,CRISPY RICE,Sushi > CRISPY RICE & ROSES,Images/Butter-garlic-prawns.jpg,crispy_rice.jpg,CRISPY RICE.jpg,100,T1,exact normalized (unique),MATCHED
22,ROSES - SALMON (4 Pieces),Sushi > CRISPY RICE & ROSES,Images/ROSES - SALMON (4 Pieces).jpg,roses_salmon_4_pieces.jpg,ROSES - SALMON (4 Pieces).jpg,100,T1,exact normalized (unique),MATCHED
23,ROSES - SALMON (6 Pieces),Sushi > CRISPY RICE & ROSES,Images/ROSES - SALMON (6 Pieces).jpg,roses_salmon_6_pieces.jpg,ROSES - SALMON (6 Pieces).jpg,100,T1,exact normalized (unique),MATCHED
24,CALIFORNIA ROLL - SALMON (8pc),Sushi > CALIFORNIA ROLL,Images/CALIFORNIA ROLL-SALMON(8PC).jpg,california_roll_salmon_8pc.jpg,CALIFORNIA ROLL - SALMON (8pc).jpg,100,T1,exact normalized (unique),MATCHED
25,CALIFORNIA ROLL - PRAWN (8pc),Sushi > CALIFORNIA ROLL,Images/CALIFORNIA ROLL - PRAWN (8pc).jpg,california_roll_prawn_8pc.jpg,CALIFORNIA ROLL - PRAWN (8pc).jpg,100,T1,exact normalized (unique),MATCHED
26,CALIFORNIA ROLL - SALMON (4pc),Sushi > CALIFORNIA ROLL,Images/CALIFORNIA ROLL - SALMON (4pc).jpg,california_roll_salmon_4pc.jpg,CALIFORNIA ROLL - SALMON (4pc).jpg,100,T1,exact normalized (unique),MATCHED
27,CALIFORNIA ROLL - PRAWN (4pc),Sushi > CALIFORNIA ROLL,/uploads/menu-media/27.webp,california_roll_prawn_4pc.jpg,CALIFORNIA ROLL - PRAWN (4pc).jpg,100,T1,exact normalized (unique),MATCHED
28,RAINBOW ROLL - SALMON (8pc),Sushi > RAINBOW ROLL,Images/RAINBOW ROLL - SALMON (8pc).jpg,rainbow_roll_salmon_8pc.jpg,RAINBOW ROLL - SALMON (8pc).jpg,100,T1,exact normalized (unique),MATCHED
29,RAINBOW ROLL - PRAWN (8pc),Sushi > RAINBOW ROLL,Images/RAINBOW ROLL - PRAWN(8pc).jpg,rainbow_roll_prawn_8pc.jpg,RAINBOW ROLL - PRAWN (8pc).jpg,100,T1,exact normalized (unique),MATCHED
30,RAINBOW ROLL - VEGETABLE (8pc),Sushi > RAINBOW ROLL,Images/RAINBOW ROLL - VEGETABLE (8pc).jpg,rainbow_roll_vegetable_8pc.jpg,RAINBOW ROLL - VEGETABLE (8pc).jpg,100,T1,exact normalized (unique),MATCHED
31,RAINBOW ROLL - SALMON (4pc),Sushi > RAINBOW ROLL,/uploads/menu-media/31.webp,rainbow_roll_salmon_4pc.jpg,RAINBOW ROLL - SALMON (4pc).jpg,100,T1,exact normalized (unique),MATCHED
32,RAINBOW ROLL - PRAWN (4pc),Sushi > RAINBOW ROLL,/uploads/menu-media/32.webp,rainbow_roll_prawn_4pc.jpg,RAINBOW ROLL - PRAWN (4pc).jpg,100,T1,exact normalized (unique),MATCHED
33,RAINBOW ROLL - VEGETABLE (4pc),Sushi > RAINBOW ROLL,/uploads/menu-media/33.webp,rainbow_roll_vegetable_4pc.jpg,RAINBOW ROLL - VEGETABLE (4pc).jpg,100,T1,exact normalized (unique),MATCHED
34,DRAGON ROLL (8pc),Sushi > SIGNATURE ROLLS,/uploads/menu-media/34.webp,dragon_roll_8pc.jpg,DRAGON ROLL (8pc).jpg,100,T1,exact normalized (unique),MATCHED
35,ROCK SHRIMP TEMPURA ROLL (8pc),Sushi > SIGNATURE ROLLS,/uploads/menu-media/35.webp,rock_shrimp_tempura_roll_8pc.jpg,ROCK SHRIMP TEMPURA ROLL (8pc).jpg,100,T1,exact normalized (unique),MATCHED
36,TRUMPS RAINBOW RELOADED (10pc),Sushi > SIGNATURE ROLLS,Images/Rump Steak.jpg,trumps_rainbow_reloaded_10pc.jpg,TRUMPS RAINBOW RELOADED (10pc).jpg,100,T1,exact normalized (unique),MATCHED
37,TRUMPS CALIFORNIA RAINBOW RELOADED (8pc),Sushi > SIGNATURE ROLLS,Images/Rump Steak.jpg,trumps_california_rainbow_reloaded_8pc.jpg,TRUMPS CALIFORNIA RAINBOW RELOADED (8pc).jpg,100,T1,exact normalized (unique),MATCHED
38,TRUMPS SALMON SASHIMI,Sushi > SASHIMI,Images/Rump Steak.jpg,trumps_salmon_sashimi.jpg,TRUMPS SALMON SASHIMI.jpg,100,T1,exact normalized (unique),MATCHED
39,NEW STYLE SASHIMI,Sushi > SASHIMI,Images/Fish & Chips.jpg,new_style_sashimi.jpg,NEW STYLE SASHIMI.jpg,100,T1,exact normalized (unique),MATCHED
40,JALAPENO SALMON SASHIMI,Sushi > SASHIMI,Images/Veg Meze Platter.jpg,jalapeno_salmon_sashimi.jpg,JALAPENO SALMON SASHIMI.jpg,100,T1,exact normalized (unique),MATCHED
41,SEARED SALMON,Signature Seafood > SIGNATURE SEAFOOD,/uploads/menu-media/41.webp,seared_salmon.jpg,SEARED SALMON.jpg,100,T1,exact normalized (unique),MATCHED
42,KINGKLIP FILLET,Signature Seafood > SIGNATURE SEAFOOD,Images/Beef fillet.jpg,kingklip_fillet.jpg,KINGKLIP FILLET.jpg,100,T1,exact normalized (unique),MATCHED
43,HAKE & CALAMARI,Signature Seafood > SIGNATURE SEAFOOD,Images/Calamari.jpeg,hake_and_calamari.jpg,HAKE & CALAMARI.jpg,100,T1,exact normalized (unique),MATCHED
44,FALKLANDS CALAMARI,Signature Seafood > SIGNATURE SEAFOOD,Images/Calamari.jpeg,falklands_calamari.jpg,FALKLANDS CALAMARI.jpg,100,T1,exact normalized (unique),MATCHED
45,PRAWN & CALAMARI,Signature Seafood > SIGNATURE SEAFOOD,Images/Calamari.jpeg,prawn_and_calamari.jpg,PRAWN & CALAMARI.jpg,100,T1,exact normalized (unique),MATCHED
46,HAKE & PRAWN,Signature Seafood > SIGNATURE SEAFOOD,Images/Butter-garlic-prawns.jpg,hake_and_prawn.jpg,HAKE & PRAWN.jpg,100,T1,exact normalized (unique),MATCHED
47,KINGKLIP & PRAWN,Signature Seafood > SIGNATURE SEAFOOD,Images/Butter-garlic-prawns.jpg,kingklip_and_prawn.jpg,KINGKLIP & PRAWN.jpg,100,T1,exact normalized (unique),MATCHED
48,HAKE PLATTER FOR 1,Signature Seafood > SIGNATURE SEAFOOD,Images/Calamari.jpeg,hake_platter_for_1.jpg,HAKE PLATTER FOR 1.jpg,100,T1,exact normalized (unique),MATCHED
49,6 QUEEN PRAWNS,Signature Seafood > SIGNATURE SEAFOOD,Images/Butter-garlic-prawns.jpg,6_queen_prawns.jpg,6 QUEEN PRAWNS.jpg,100,T1,exact normalized (unique),MATCHED
50,9 QUEEN PRAWNS,Signature Seafood > SIGNATURE SEAFOOD,Images/Butter-garlic-prawns.jpg,9_queen_prawns.jpg,9 QUEEN PRAWNS.jpg,100,T1,exact normalized (unique),MATCHED
51,GRILLED HAKE,Signature Seafood > SIGNATURE SEAFOOD,/uploads/menu-media/51.webp,grilled_hake.jpg,GRILLED HAKE.jpg,100,T1,exact normalized (unique),MATCHED
52,SIRLOIN 350g,Trumps Premium Steaks > SOUTH AFRICAN PRIME BEEF - OFF THE BONE,Images/Rump Steak.jpg,sirloin_350g.jpg,SIRLOIN 350g.jpg,100,T1,exact normalized (unique),MATCHED
53,RUMP 400g,Trumps Premium Steaks > SOUTH AFRICAN PRIME BEEF - OFF THE BONE,Images/Rump Steak.jpg,rump_400g.jpg,RUMP 400g.jpg,100,T1,exact normalized (unique),MATCHED
54,RIBEYE 380g,Trumps Premium Steaks > SOUTH AFRICAN PRIME BEEF - OFF THE BONE,Images/Rump Steak.jpg,ribeye_380g.jpg,RIBEYE 380g.jpg,100,T1,exact normalized (unique),MATCHED
55,FILLET 260g,Trumps Premium Steaks > SOUTH AFRICAN PRIME BEEF - OFF THE BONE,Images/Beef fillet.jpg,fillet_260g.jpg,FILLET 260g.jpg,100,T1,exact normalized (unique),MATCHED
56,FILLET 360g,Trumps Premium Steaks > SOUTH AFRICAN PRIME BEEF - OFF THE BONE,Images/Beef fillet.jpg,fillet_360g.jpg,FILLET 360g.jpg,100,T1,exact normalized (unique),MATCHED
57,PORTUGUESE RUMP 350g & EGGS,Trumps Premium Steaks > SOUTH AFRICAN PRIME BEEF - OFF THE BONE,Images/Rump Steak.jpg,portuguese_rump_350g_and_eggs.jpg,PORTUGUESE RUMP 350g & EGGS.jpg,100,T1,exact normalized (unique),MATCHED
58,T-BONE 500g,Trumps Premium Steaks > SOUTH AFRICAN PRIME BEEF - ON THE BONE,/uploads/menu-media/58.webp,t_bone_500g.jpg,T-BONE 500g.jpg,100,T1,exact normalized (unique),MATCHED
59,TOMAHAWK (FRENCH CUT) 650g,Trumps Premium Steaks > SOUTH AFRICAN PRIME BEEF - ON THE BONE,/uploads/menu-media/59.webp,tomahawk_french_cut_650g.jpg,TOMAHAWK (FRENCH CUT) 650g.jpg,100,T1,exact normalized (unique),MATCHED
60,RIBEYE ON THE BONE,Trumps Premium Steaks > SOUTH AFRICAN PRIME BEEF - ON THE BONE,Images/Rump Steak.jpg,ribeye_on_the_bone.jpg,RIBEYE ON THE BONE.jpg,100,T1,exact normalized (unique),MATCHED
61,SIRLOIN ON THE BONE 480g,Trumps Premium Steaks > SOUTH AFRICAN PRIME BEEF - ON THE BONE,Images/Rump Steak.jpg,sirloin_on_the_bone_480g.jpg,SIRLOIN ON THE BONE 480g.jpg,100,T1,exact normalized (unique),MATCHED
62,T-BONE 700g,Trumps Premium Steaks > SOUTH AFRICAN PRIME BEEF - ON THE BONE,/uploads/menu-media/62.webp,t_bone_700g.jpg,T-BONE 700g.jpg,100,T1,exact normalized (unique),MATCHED
63,SIRLOIN 500g,Trumps Premium Steaks > SOUTH AFRICAN PREMIUM CUTS - OFF THE BONE,Images/Rump Steak.jpg,sirloin_500g.jpg,SIRLOIN 500g.jpg,100,T1,exact normalized (unique),MATCHED
64,RUMP 600g,Trumps Premium Steaks > SOUTH AFRICAN PREMIUM CUTS - OFF THE BONE,Images/Rump Steak.jpg,rump_600g.jpg,RUMP 600g.jpg,100,T1,exact normalized (unique),MATCHED
65,RIBEYE 500g,Trumps Premium Steaks > SOUTH AFRICAN PREMIUM CUTS - OFF THE BONE,Images/Rump Steak.jpg,ribeye_500g.jpg,RIBEYE 500g.jpg,100,T1,exact normalized (unique),MATCHED
66,FILLET 500g,Trumps Premium Steaks > SOUTH AFRICAN PREMIUM CUTS - OFF THE BONE,Images/Beef fillet.jpg,fillet_500g.jpg,FILLET 500g.jpg,100,T1,exact normalized (unique),MATCHED
67,TOMAHAWK 850g - 900g,Trumps Premium Steaks > THE KINGS CUTS (21 Days Matured),/uploads/menu-media/67.webp,tomahawk_850g_900g.jpg,TOMAHAWK 850g - 900g.jpg,100,T1,exact normalized (unique),MATCHED
68,T-BONE 850g - 900g,Trumps Premium Steaks > THE KINGS CUTS (21 Days Matured),/uploads/menu-media/68.webp,t_bone_850g_900g.jpg,T-BONE 850g - 900g.jpg,100,T1,exact normalized (unique),MATCHED
69,RIBEYE 850g - 900g,Trumps Premium Steaks > THE KINGS CUTS (21 Days Matured),Images/Rump Steak.jpg,ribeye_850g_900g.jpg,RIBEYE 850g - 900g.jpg,100,T1,exact normalized (unique),MATCHED
70,WAGYU RIBEYE 300g,Trumps Premium Steaks > SOUTH AFRICAN WAGYU BEEF (Marbling Score 8-10+),Images/Rump Steak.jpg,wagyu_ribeye_300g.jpg,WAGYU RIBEYE 300g.jpg,100,T1,exact normalized (unique),MATCHED
71,WAGYU FILLET 300g,Trumps Premium Steaks > SOUTH AFRICAN WAGYU BEEF (Marbling Score 8-10+),Images/Beef fillet.jpg,wagyu_fillet_300g.jpg,WAGYU FILLET 300g.jpg,100,T1,exact normalized (unique),MATCHED
72,WAGYU SIRLOIN 300g,Trumps Premium Steaks > SOUTH AFRICAN WAGYU BEEF (Marbling Score 8-10+),Images/Rump Steak.jpg,wagyu_sirloin_300g.jpg,WAGYU SIRLOIN 300g.jpg,100,T1,exact normalized (unique),MATCHED
73,WAGYU CHUCKEYE 350g,Trumps Premium Steaks > SOUTH AFRICAN WAGYU BEEF (Marbling Score 8-10+),/uploads/menu-media/73.webp,wagyu_chuckeye_350g.jpg,WAGYU CHUCKEYE 350g.jpg,100,T1,exact normalized (unique),MATCHED
74,WAGYU RUMP 350g,Trumps Premium Steaks > SOUTH AFRICAN WAGYU BEEF (Marbling Score 8-10+),Images/Rump Steak.jpg,wagyu_rump_350g.jpg,WAGYU RUMP 350g.jpg,100,T1,exact normalized (unique),MATCHED
75,WAGYU DENVER 350g,Trumps Premium Steaks > SOUTH AFRICAN WAGYU BEEF (Marbling Score 8-10+),/uploads/menu-media/75.webp,wagyu_denver_350g.jpg,WAGYU DENVER 350g.jpg,100,T1,exact normalized (unique),MATCHED
76,GARLIC & SAGE BUTTER,Trumps Premium Steaks > PRIME STEAK ENHANCEMENTS,Images/Rump Steak.jpg,garlic_and_sage_butter.jpg,GARLIC & SAGE BUTTER.jpg,100,T1,exact normalized (unique),MATCHED
77,MUSHROOM TRUFFLE BUTTER,Trumps Premium Steaks > PRIME STEAK ENHANCEMENTS,Images/Rump Steak.jpg,mushroom_truffle_butter.jpg,MUSHROOM TRUFFLE BUTTER.jpg,100,T1,exact normalized (unique),MATCHED
78,GARLIC SAUCE,Trumps Premium Steaks > PRIME STEAK ENHANCEMENTS,Images/Rump Steak.jpg,garlic_sauce.jpg,GARLIC SAUCE.jpg,100,T1,exact normalized (unique),MATCHED
79,CREAMY CHEESE SAUCE,Trumps Premium Steaks > PRIME STEAK ENHANCEMENTS,Images/Rump Steak.jpg,creamy_cheese_sauce.jpg,CREAMY CHEESE SAUCE.jpg,100,T1,exact normalized (unique),MATCHED
80,THREE PEPPERCORN SAUCE,Trumps Premium Steaks > PRIME STEAK ENHANCEMENTS,Images/Rump Steak.jpg,three_peppercorn_sauce.jpg,THREE PEPPERCORN SAUCE.jpg,100,T1,exact normalized (unique),MATCHED
81,CREAMY MUSHROOM SAUCE,Trumps Premium Steaks > PRIME STEAK ENHANCEMENTS,Images/Rump Steak.jpg,creamy_mushroom_sauce.jpg,CREAMY MUSHROOM SAUCE.jpg,100,T1,exact normalized (unique),MATCHED
82,CHAKALAKA SAUCE,Trumps Premium Steaks > PRIME STEAK ENHANCEMENTS,Images/Rump Steak.jpg,chakalaka_sauce.jpg,CHAKALAKA SAUCE.jpg,100,T1,exact normalized (unique),MATCHED
83,PERI-PERI SAUCE,Trumps Premium Steaks > PRIME STEAK ENHANCEMENTS,Images/Rump Steak.jpg,peri_peri_sauce.jpg,PERI-PERI SAUCE.jpg,100,T1,exact normalized (unique),MATCHED
84,SWEET CHILLI SAUCE,Trumps Premium Steaks > PRIME STEAK ENHANCEMENTS,Images/Rump Steak.jpg,sweet_chilli_sauce.jpg,SWEET CHILLI SAUCE.jpg,100,T1,exact normalized (unique),MATCHED
85,CRANBERRY SAUCE,Trumps Premium Steaks > PRIME STEAK ENHANCEMENTS,Images/Rump Steak.jpg,cranberry_sauce.jpg,CRANBERRY SAUCE.jpg,100,T1,exact normalized (unique),MATCHED
86,CHIMICHURRI,Trumps Premium Steaks > PRIME STEAK ENHANCEMENTS,Images/Rump Steak.jpg,chimichurri.jpg,CHIMICHURRI.jpg,100,T1,exact normalized (unique),MATCHED
87,PORK CHOPS ±500g,Pork & Ribs > PORK,Images/Crispy Pork Chops.jpg,pork_chops_500g.jpg,PORK CHOPS ±500g.jpg,100,T1,exact normalized (unique),MATCHED
88,PORK TOMAHAWK ±600g,Pork & Ribs > PORK,/uploads/menu-media/88.webp,pork_tomahawk_600g.jpg,PORK TOMAHAWK ±600g.jpg,100,T1,exact normalized (unique),MATCHED
89,EISBEIN ±1kg,Pork & Ribs > PORK,/uploads/menu-media/89.webp,eisbein_1kg.jpg,EISBEIN ±1kg.jpg,100,T1,exact normalized (unique),MATCHED
90,FULL RACK PORK LOIN RIBS ±600g,Pork & Ribs > PORK,/uploads/menu-media/90.webp,full_rack_pork_loin_ribs_600g.jpg,FULL RACK PORK LOIN RIBS ±600g.jpg,100,T1,exact normalized (unique),MATCHED
91,LAMB RUMP 300g,Lamb > LAMB,Images/Rump Steak.jpg,lamb_rump_300g.jpg,LAMB RUMP 300g.jpg,100,T1,exact normalized (unique),MATCHED
92,LAMB SHANK ±850g,Lamb > LAMB,Images/Crispy Lamb Chops.jpg,lamb_shank_850g.jpg,LAMB SHANK ±850g.jpg,100,T1,exact normalized (unique),MATCHED
93,LAMB CHOPS 4's 500g,Lamb > LAMB,Images/Crispy Lamb Chops.jpg,lamb_chops_4_s_500g.jpg,LAMB CHOPS 4's 500g.jpg,100,T1,exact normalized (unique),MATCHED
94,LAMB RUMP 300g & CHOPS COMBO 250g,Lamb > LAMB,Images/Rump Steak.jpg,lamb_rump_300g_and_chops_combo_250g.jpg,LAMB RUMP 300g & CHOPS COMBO 250g.jpg,100,T1,exact normalized (unique),MATCHED
95,OSTRICH FILLET ±450g,Venison & Game > VENISON & GAME (Subject to availability),Images/Beef fillet.jpg,ostrich_fillet_450g.jpg,OSTRICH FILLET ±450g.jpg,100,T1,exact normalized (unique),MATCHED
96,KUDU ±450g,Venison & Game > VENISON & GAME (Subject to availability),/uploads/menu-media/96.webp,kudu_450g.jpg,KUDU ±450g.jpg,100,T1,exact normalized (unique),MATCHED
97,SPRINGBOK ±450g,Venison & Game > VENISON & GAME (Subject to availability),/uploads/menu-media/97.webp,springbok_450g.jpg,SPRINGBOK ±450g.jpg,100,T1,exact normalized (unique),MATCHED
98,OXTAIL,Oxtail & Beef Ribs > OXTAIL AND BEEF RIBS,/uploads/menu-media/98.webp,oxtail.jpg,OXTAIL.jpg,100,T1,exact normalized (unique),MATCHED
99,BEEF RIBS (2 pce) 600g,Oxtail & Beef Ribs > OXTAIL AND BEEF RIBS,/uploads/menu-media/99.webp,beef_ribs_2_pce_600g.jpg,BEEF RIBS (2 pce) 600g.jpg,100,T1,exact normalized (unique),MATCHED
100,BEEF RIBS (3 pce) ±1kg,Oxtail & Beef Ribs > OXTAIL AND BEEF RIBS,/uploads/menu-media/100.webp,beef_ribs_3_pce_1kg.jpg,BEEF RIBS (3 pce) ±1kg.jpg,100,T1,exact normalized (unique),MATCHED
101,PRIME STEAK & LAMB CHOPS,Signature Combos > SIGNATURE COMBO'S SINCE 1994,Images/Rump Steak.jpg,prime_steak_and_lamb_chops.jpg,PRIME STEAK & LAMB CHOPS.jpg,100,T1,exact normalized (unique),MATCHED
102,(PORK OR BEEF) RIBS & QUEEN PRAWNS,Signature Combos > SIGNATURE COMBO'S SINCE 1994,Images/Butter-garlic-prawns.jpg,pork_or_beef_ribs_and_queen_prawns.jpg,(PORK OR BEEF) RIBS & QUEEN PRAWNS.jpg,100,T1,exact normalized (unique),MATCHED
103,(PORK OR BEEF) RIBS & WINGS,Signature Combos > SIGNATURE COMBO'S SINCE 1994,/uploads/menu-media/103.webp,pork_or_beef_ribs_and_wings.jpg,(PORK OR BEEF) RIBS & WINGS.jpg,100,T1,exact normalized (unique),MATCHED
104,MIXED GRILL,Signature Combos > SIGNATURE COMBO'S SINCE 1994,Images/Rump Steak.jpg,mixed_grill.jpg,MIXED GRILL.jpg,100,T1,exact normalized (unique),MATCHED
105,PRIME STEAK & PRAWNS (Surf & Turf),Signature Combos > SIGNATURE COMBO'S SINCE 1994,Images/Rump Steak.jpg,prime_steak_and_prawns_surf_and_turf.jpg,PRIME STEAK & PRAWNS (Surf & Turf).jpg,100,T1,exact normalized (unique),MATCHED
106,(PORK OR BEEF) RIBS & LAMB CHOPS,Signature Combos > SIGNATURE COMBO'S SINCE 1994,Images/Crispy Lamb Chops.jpg,pork_or_beef_ribs_and_lamb_chops.jpg,(PORK OR BEEF) RIBS & LAMB CHOPS.jpg,100,T1,exact normalized (unique),MATCHED
107,"RUMP STEAK, BOEREWORS AND RIBS",Signature Combos > TRUMPS SIGNATURE PLATTERS,Images/Rump Steak.jpg,rump_steak_boerewors_and_ribs.jpg,"RUMP STEAK, BOEREWORS AND RIBS.jpg",100,T1,exact normalized (unique),MATCHED
108,"T-BONE, WINGS AND BOEREWORS",Signature Combos > TRUMPS SIGNATURE PLATTERS,/uploads/menu-media/108.webp,t_bone_wings_and_boerewors.jpg,"T-BONE, WINGS AND BOEREWORS.jpg",100,T1,exact normalized (unique),MATCHED
109,"THE KING, QUEEN PLATTER",Signature Combos > TRUMPS SIGNATURE PLATTERS,Images/Rump Steak.jpg,the_king_queen_platter.jpg,"THE KING, QUEEN PLATTER.jpg",100,T1,exact normalized (unique),MATCHED
110,BBQ / PERI-PERI BEEF BURGER,Burgers > STEAKHOUSE GOURMET BURGERS,Images/Rump Steak.jpg,bbq_peri_peri_beef_burger.jpg,BBQ PERI-PERI BEEF BURGER.jpg,100,T1,exact normalized (unique),MATCHED
111,CHEESE BURGER,Burgers > STEAKHOUSE GOURMET BURGERS,Images/Bifteki Burger.jpg,cheese_burger.jpg,CHEESE BURGER.jpg,100,T1,exact normalized (unique),MATCHED
112,BBQ / PERI-PERI CHICKEN BURGER,Burgers > STEAKHOUSE GOURMET BURGERS,Images/Bifteki Burger.jpg,bbq_peri_peri_chicken_burger.jpg,BBQ PERI-PERI CHICKEN BURGER.jpg,100,T1,exact normalized (unique),MATCHED
113,BACON AND CHICKEN BURGER,Burgers > STEAKHOUSE GOURMET BURGERS,Images/Bifteki Burger.jpg,bacon_and_chicken_burger.jpg,BACON AND CHICKEN BURGER.jpg,100,T1,exact normalized (unique),MATCHED
114,JALAPENO CHILLI AND CHEESE BURGER,Burgers > STEAKHOUSE GOURMET BURGERS,Images/Bifteki Burger.jpg,jalapeno_chilli_and_cheese_burger.jpg,JALAPENO CHILLI AND CHEESE BURGER.jpg,100,T1,exact normalized (unique),MATCHED
115,BACON AND CHEESE BURGER,Burgers > STEAKHOUSE GOURMET BURGERS,Images/Bifteki Burger.jpg,bacon_and_cheese_burger.jpg,BACON AND CHEESE BURGER.jpg,100,T1,exact normalized (unique),MATCHED
116,"BACON, EGG & CHEESE BURGER",Burgers > STEAKHOUSE GOURMET BURGERS,Images/Bifteki Burger.jpg,bacon_egg_and_cheese_burger.jpg,"BACON, EGG & CHEESE BURGER.jpg",100,T1,exact normalized (unique),MATCHED
117,HALF CHICKEN,Chicken Dishes > CHICKEN,Images/Chicken Pasta.jpg,half_chicken.jpg,HALF CHICKEN.jpg,100,T1,exact normalized (unique),MATCHED
118,CHICKEN BREAST,Chicken Dishes > CHICKEN,Images/Chicken Pasta.jpg,chicken_breast.jpg,CHICKEN BREAST.jpg,100,T1,exact normalized (unique),MATCHED
119,MUSHROOM SAUCE CHICKEN BREAST,Chicken Dishes > CHICKEN,Images/Chicken Pasta.jpg,mushroom_sauce_chicken_breast.jpg,MUSHROOM SAUCE CHICKEN BREAST.jpg,100,T1,exact normalized (unique),MATCHED
120,FULL CHICKEN,Chicken Dishes > CHICKEN,Images/Chicken Pasta.jpg,full_chicken.jpg,FULL CHICKEN.jpg,100,T1,exact normalized (unique),MATCHED
121,FIRECRACKER CHICKEN WINGS - 800g,Chicken Dishes > CHICKEN,Images/FIRECRACKER CHICKEN WINGS.jpg,firecracker_chicken_wings_800g.jpg,FIRECRACKER CHICKEN WINGS - 800g.jpg,100,T1,exact normalized (unique),MATCHED
122,CREAMY BASIL PESTO & MUSHROOM,Pastas > TRUMPS PASTAS,Images/Rump Steak.jpg,creamy_basil_pesto_and_mushroom.jpg,CREAMY BASIL PESTO & MUSHROOM.jpg,100,T1,exact normalized (unique),MATCHED
123,SPAGHETTI BOLOGNESE,Pastas > TRUMPS PASTAS,Images/Rump Steak.jpg,spaghetti_bolognese.jpg,SPAGHETTI BOLOGNESE.jpg,100,T1,exact normalized (unique),MATCHED
124,CHICKEN PASTA,Pastas > TRUMPS PASTAS,Images/Rump Steak.jpg,chicken_pasta.jpg,CHICKEN PASTA.jpg,100,T1,exact normalized (unique),MATCHED
125,ALFREDO,Pastas > TRUMPS PASTAS,Images/Rump Steak.jpg,alfredo.jpg,ALFREDO.jpg,100,T1,exact normalized (unique),MATCHED
126,BEEF FILLET PASTA,Pastas > TRUMPS PASTAS,Images/Beef fillet.jpg,beef_fillet_pasta.jpg,BEEF FILLET PASTA.jpg,100,T1,exact normalized (unique),MATCHED
127,SEAFOOD PASTA,Pastas > TRUMPS PASTAS,Images/Rump Steak.jpg,seafood_pasta.jpg,SEAFOOD PASTA.jpg,100,T1,exact normalized (unique),MATCHED
128,VEG BURGER,Vegetarian > VEGETARIAN,Images/Rump Steak.jpg,veg_burger.jpg,VEG BURGER.jpg,100,T1,exact normalized (unique),MATCHED
129,VEG PLATTER,Vegetarian > VEGETARIAN,Images/Veg Meze Platter.jpg,veg_platter.jpg,VEG PLATTER.jpg,100,T1,exact normalized (unique),MATCHED
130,HALLOUMI BURGER,Vegetarian > VEGETARIAN,Images/Bifteki Burger.jpg,halloumi_burger.jpg,HALLOUMI BURGER.jpg,100,T1,exact normalized (unique),MATCHED
131,CAPRESE & AVOCADO SALAD,Vegetarian > VEGETARIAN,Images/CAPRESE & AVOCADO SALAD.jpg,caprese_and_avocado_salad_131.jpg,CAPRESE & AVOCADO SALAD [131].jpg,100,T0,id-suffix _131 + name match,MATCHED
132,MASHED POTATOES,Sides > TRUMPS SIDES AND EXTRAS,Images/Rump Steak.jpg,mashed_potatoes.jpg,MASHED POTATOES.jpg,100,T1,exact normalized (unique),MATCHED
133,CREAMED SPINACH,Sides > TRUMPS SIDES AND EXTRAS,Images/Rump Steak.jpg,creamed_spinach.jpg,CREAMED SPINACH.jpg,100,T1,exact normalized (unique),MATCHED
134,ONION RINGS,Sides > TRUMPS SIDES AND EXTRAS,Images/Rump Steak.jpg,onion_rings.jpg,ONION RINGS.jpg,100,T1,exact normalized (unique),MATCHED
135,STEAKHOUSE CHIPS,Sides > TRUMPS SIDES AND EXTRAS,Images/Rump Steak.jpg,steakhouse_chips.jpg,STEAKHOUSE CHIPS.jpg,100,T1,exact normalized (unique),MATCHED
136,SAUTÉED MUSHROOMS WITH FRESH HERBS,Sides > TRUMPS SIDES AND EXTRAS,Images/Rump Steak.jpg,sauteed_mushrooms_with_fresh_herbs.jpg,SAUTÉED MUSHROOMS WITH FRESH HERBS.jpg,100,T1,exact normalized (unique),MATCHED
137,SAVOURY RICE,Sides > TRUMPS SIDES AND EXTRAS,Images/Rump Steak.jpg,savoury_rice.jpg,SAVOURY RICE.jpg,100,T1,exact normalized (unique),MATCHED
138,SWEET PUMPKIN,Sides > TRUMPS SIDES AND EXTRAS,Images/Rump Steak.jpg,sweet_pumpkin.jpg,SWEET PUMPKIN.jpg,100,T1,exact normalized (unique),MATCHED
139,TOMATO & ONION SALAD,Sides > TRUMPS SIDES AND EXTRAS,Images/Rump Steak.jpg,tomato_and_onion_salad.jpg,TOMATO & ONION SALAD.jpg,100,T1,exact normalized (unique),MATCHED
140,STEAMED POTATOES & SOUR CREAM,Sides > TRUMPS SIDES AND EXTRAS,Images/Rump Steak.jpg,steamed_potatoes_and_sour_cream.jpg,STEAMED POTATOES & SOUR CREAM.jpg,100,T1,exact normalized (unique),MATCHED
141,TOMATO AND AVO SALAD,Sides > TRUMPS SIDES AND EXTRAS,Images/Rump Steak.jpg,tomato_and_avo_salad.jpg,TOMATO AND AVO SALAD.jpg,100,T1,exact normalized (unique),MATCHED
142,SIDE GREEN SALAD,Sides > TRUMPS SIDES AND EXTRAS,Images/Rump Steak.jpg,side_green_salad.jpg,SIDE GREEN SALAD.jpg,100,T1,exact normalized (unique),MATCHED
143,ADD FETA,Sides > TRUMPS SIDES AND EXTRAS,Images/Rump Steak.jpg,add_feta.jpg,ADD FETA.jpg,100,T1,exact normalized (unique),MATCHED
144,DUO OF ICE CREAM,Dessert > DESSERT AND CAKES,Images/Cheese Cake.jpg,duo_of_ice_cream.jpg,DUO OF ICE CREAM.jpg,100,T1,exact normalized (unique),MATCHED
145,TRIO OF ICE CREAM,Dessert > DESSERT AND CAKES,Images/Cheese Cake.jpg,trio_of_ice_cream.jpg,TRIO OF ICE CREAM.jpg,100,T1,exact normalized (unique),MATCHED
146,CAPE MALVA PUDDING,Dessert > DESSERT AND CAKES,Images/Cheese Cake.jpg,cape_malva_pudding.jpg,CAPE MALVA PUDDING.jpg,100,T1,exact normalized (unique),MATCHED
147,RED VELVET CAKE,Dessert > DESSERT AND CAKES,Images/Cheese Cake.jpg,red_velvet_cake.jpg,RED VELVET CAKE.jpg,100,T1,exact normalized (unique),MATCHED
148,DEATH BY CHOCOLATE CAKE,Dessert > DESSERT AND CAKES,Images/Cheese Cake.jpg,death_by_chocolate_cake.jpg,DEATH BY CHOCOLATE CAKE.jpg,100,T1,exact normalized (unique),MATCHED
149,CHOCOLATE BROWNIE,Dessert > DESSERT AND CAKES,Images/Cheese Cake.jpg,chocolate_brownie.jpg,CHOCOLATE BROWNIE.jpg,100,T1,exact normalized (unique),MATCHED
150,CHEF'S CHOICE - 2 Courses,Set Menus > CHEF'S CHOICE SET MENU,Images/Beef fillet.jpg,chef_s_choice_2_courses.jpg,CHEF'S CHOICE - 2 Courses.jpg,100,T1,exact normalized (unique),MATCHED
151,CHEF'S CHOICE - 3 Courses,Set Menus > CHEF'S CHOICE SET MENU,Images/Beef fillet.jpg,chef_s_choice_3_courses.jpg,CHEF'S CHOICE - 3 Courses.jpg,100,T1,exact normalized (unique),MATCHED
152,CHEF'S PREMIUM - 2 Courses,Set Menus > CHEF'S PREMIUM SET MENU,Images/Rump Steak.jpg,chef_s_premium_2_courses.jpg,CHEF'S PREMIUM - 2 Courses.jpg,100,T1,exact normalized (unique),MATCHED
153,CHEF'S PREMIUM - 3 Courses,Set Menus > CHEF'S PREMIUM SET MENU,Images/Rump Steak.jpg,chef_s_premium_3_courses.jpg,CHEF'S PREMIUM - 3 Courses.jpg,100,T1,exact normalized (unique),MATCHED
154,MOËT & CHANDON BRUT,Champagne > CHAMPAGNE,Images/Simonsig Kaapse Vonkel Brut (Cap Classique).jpg,moet_and_chandon_brut.jpg,MOËT & CHANDON BRUT.jpg,100,T1,exact normalized (unique),MATCHED
155,MOËT & CHANDON NECTAR,Champagne > CHAMPAGNE,Images/Simonsig Kaapse Vonkel Brut (Cap Classique).jpg,moet_and_chandon_nectar.jpg,MOËT & CHANDON NECTAR.jpg,100,T1,exact normalized (unique),MATCHED
156,MOËT & CHANDON BRUT ROSÉ,Champagne > CHAMPAGNE,Images/Simonsig Kaapse Vonkel Brut (Cap Classique).jpg,moet_and_chandon_brut_rose.jpg,MOËT & CHANDON BRUT ROSÉ.jpg,100,T1,exact normalized (unique),MATCHED
157,VEUVE CLICQUOT BRUT,Champagne > CHAMPAGNE,Images/Simonsig Kaapse Vonkel Brut (Cap Classique).jpg,veuve_clicquot_brut.jpg,VEUVE CLICQUOT BRUT.jpg,100,T1,exact normalized (unique),MATCHED
158,VEUVE CLICQUOT ROSÉ,Champagne > CHAMPAGNE,Images/Simonsig Kaapse Vonkel Brut (Cap Classique).jpg,veuve_clicquot_rose.jpg,VEUVE CLICQUOT ROSÉ.jpg,100,T1,exact normalized (unique),MATCHED
159,VEUVE CLICQUOT RICH,Champagne > CHAMPAGNE,Images/Simonsig Kaapse Vonkel Brut (Cap Classique).jpg,veuve_clicquot_rich.jpg,VEUVE CLICQUOT RICH.jpg,100,T1,exact normalized (unique),MATCHED
160,BOLLINGER SPECIAL CUVEE BRUT,Champagne > CHAMPAGNE,Images/Simonsig Kaapse Vonkel Brut (Cap Classique).jpg,bollinger_special_cuvee_brut.jpg,BOLLINGER SPECIAL CUVEE BRUT.jpg,100,T1,exact normalized (unique),MATCHED
161,DOM PERIGNON BLANC,Champagne > CHAMPAGNE,Images/Simonsig Kaapse Vonkel Brut (Cap Classique).jpg,dom_perignon_blanc.jpg,DOM PERIGNON BLANC.jpg,100,T1,exact normalized (unique),MATCHED
162,DOM PERIGNON ROSE,Champagne > CHAMPAGNE,Images/Simonsig Kaapse Vonkel Brut (Cap Classique).jpg,dom_perignon_rose.jpg,DOM PERIGNON ROSE.jpg,100,T1,exact normalized (unique),MATCHED
163,ARMAND DE BRIGNAC GOLD (ACE OF SPADES),Champagne > CHAMPAGNE,Images/Simonsig Kaapse Vonkel Brut (Cap Classique).jpg,armand_de_brignac_gold_ace_of_spades.jpg,ARMAND DE BRIGNAC GOLD (ACE OF SPADES).jpg,100,T1,exact normalized (unique),MATCHED
164,ARMAND DE BRIGNAC BRUT ROSÉ (ACE OF SPADES),Champagne > CHAMPAGNE,Images/Simonsig Kaapse Vonkel Brut (Cap Classique).jpg,armand_de_brignac_brut_rose_ace_of_spades.jpg,ARMAND DE BRIGNAC BRUT ROSÉ (ACE OF SPADES).jpg,100,T1,exact normalized (unique),MATCHED
165,L'ORMARINS BRUT CLASSIQUE,Champagne > CAP CLASSIQUE AND PROSECCO,Images/Mojito.jpg,l_ormarins_brut_classique.jpg,L'ORMARINS BRUT CLASSIQUE.jpg,100,T1,exact normalized (unique),MATCHED
166,L'ORMARINS BRUT CLASSIQUE ROSÉ,Champagne > CAP CLASSIQUE AND PROSECCO,Images/Mojito.jpg,l_ormarins_brut_classique_rose.jpg,L'ORMARINS BRUT CLASSIQUE ROSÉ.jpg,100,T1,exact normalized (unique),MATCHED
167,PIERRE JOURDAN BELLE NECTAR,Champagne > CAP CLASSIQUE AND PROSECCO,Images/Mojito.jpg,pierre_jourdan_belle_nectar.jpg,PIERRE JOURDAN BELLE NECTAR.jpg,100,T1,exact normalized (unique),MATCHED
168,KRONE NIGHT NECTAR DEMI-SEC,Champagne > CAP CLASSIQUE AND PROSECCO,Images/Mojito.jpg,krone_night_nectar_demi_sec.jpg,KRONE NIGHT NECTAR DEMI-SEC.jpg,100,T1,exact normalized (unique),MATCHED
169,PONGRÀCZ ROSÉ,Champagne > CAP CLASSIQUE AND PROSECCO,Images/Mojito.jpg,pongracz_rose.jpg,PONGRÀCZ ROSÉ.jpg,100,T1,exact normalized (unique),MATCHED
170,PONGRÀCZ NOBLE NECTAR,Champagne > CAP CLASSIQUE AND PROSECCO,Images/Mojito.jpg,pongracz_noble_nectar.jpg,PONGRÀCZ NOBLE NECTAR.jpg,100,T1,exact normalized (unique),MATCHED
171,DA LUCA PROSECCO,Champagne > CAP CLASSIQUE AND PROSECCO,Images/Mojito.jpg,da_luca_prosecco.jpg,DA LUCA PROSECCO.jpg,100,T1,exact normalized (unique),MATCHED
172,DA LUCA ROSÉ PROSECCO,Champagne > CAP CLASSIQUE AND PROSECCO,Images/Mojito.jpg,da_luca_rose_prosecco.jpg,DA LUCA ROSÉ PROSECCO.jpg,100,T1,exact normalized (unique),MATCHED
173,NEDERBURG,White Wine > SAUVIGNON BLANC,Images/Two Oceans Sauvignon Blanc.jpg,nederburg_173.jpg,NEDERBURG [173].jpg,100,T0,id-suffix _173 + name match,MATCHED
174,DURBANVILLE HILLS,White Wine > SAUVIGNON BLANC,Images/Two Oceans Sauvignon Blanc.jpg,durbanville_hills_174.jpg,DURBANVILLE HILLS [174].jpg,100,T0,id-suffix _174 + name match,MATCHED
175,DIEMERSDAL,White Wine > SAUVIGNON BLANC,Images/Two Oceans Sauvignon Blanc.jpg,diemersdal.jpg,DIEMERSDAL.jpg,100,T1,exact normalized (unique),MATCHED
176,SHANNON SANCTUARY PEAK,White Wine > SAUVIGNON BLANC,Images/Two Oceans Sauvignon Blanc.jpg,shannon_sanctuary_peak.jpg,SHANNON SANCTUARY PEAK.jpg,100,T1,exact normalized (unique),MATCHED
177,ALLÉE BLEUE ESTATE,White Wine > SAUVIGNON BLANC,Images/Two Oceans Sauvignon Blanc.jpg,allee_bleue_estate_177.jpg,ALLÉE BLEUE ESTATE [177].jpg,100,T0,id-suffix _177 + name match,MATCHED
178,SPRINGFIELD LIFE OF STONE,White Wine > SAUVIGNON BLANC,Images/Two Oceans Sauvignon Blanc.jpg,springfield_life_of_stone.jpg,SPRINGFIELD LIFE OF STONE.jpg,100,T1,exact normalized (unique),MATCHED
179,KLEIN CONSTANTIA,White Wine > SAUVIGNON BLANC,Images/Two Oceans Sauvignon Blanc.jpg,klein_constantia.jpg,KLEIN CONSTANTIA.jpg,100,T1,exact normalized (unique),MATCHED
180,FRYER'S COVE,White Wine > SAUVIGNON BLANC,Images/Two Oceans Sauvignon Blanc.jpg,fryer_s_cove_180.jpg,FRYER'S COVE [180].jpg,100,T0,id-suffix _180 + name match,MATCHED
181,BLACK,White Wine > SAUVIGNON BLANC,Images/Two Oceans Sauvignon Blanc.jpg,black_181.jpg,BLACK [181].jpg,100,T0,id-suffix _181 + name match,MATCHED
182,KEN FORRESTER OLD VINE RESERVE,White Wine > CHENIN BLANC,Images/Mojito.jpg,ken_forrester_old_vine_reserve.jpg,KEN FORRESTER OLD VINE RESERVE.jpg,100,T1,exact normalized (unique),MATCHED
183,KLEINE ZALZE VINEYARD SELECTION,White Wine > CHENIN BLANC,Images/Mojito.jpg,kleine_zalze_vineyard_selection_183.jpg,KLEINE ZALZE VINEYARD SELECTION [183].jpg,100,T0,id-suffix _183 + name match,MATCHED
184,ORPHEUS & THE RAVEN OLD BUSH VINE,White Wine > CHENIN BLANC,Images/Mojito.jpg,orpheus_and_the_raven_old_bush_vine.jpg,ORPHEUS & THE RAVEN OLD BUSH VINE.jpg,100,T1,exact normalized (unique),MATCHED
185,L'AVENIR SINGLE BLOCK,White Wine > CHENIN BLANC,Images/Mojito.jpg,l_avenir_single_block.jpg,L'AVENIR SINGLE BLOCK.jpg,100,T1,exact normalized (unique),MATCHED
186,FRYER'S COVE,White Wine > CHENIN BLANC,Images/Mojito.jpg,fryer_s_cove_186.jpg,FRYER'S COVE [186].jpg,100,T0,id-suffix _186 + name match,MATCHED
187,DURBANVILLE HILLS,White Wine > CHARDONNAY,Images/Boschendal 1685 Chardonnay.jpg,durbanville_hills_187.jpg,DURBANVILLE HILLS [187].jpg,100,T0,id-suffix _187 + name match,MATCHED
188,FAT BASTARD,White Wine > CHARDONNAY,Images/Boschendal 1685 Chardonnay.jpg,fat_bastard_188.jpg,FAT BASTARD [188].jpg,100,T0,id-suffix _188 + name match,MATCHED
189,GLENELLY UNWOODED,White Wine > CHARDONNAY,Images/Boschendal 1685 Chardonnay.jpg,glenelly_unwooded.jpg,GLENELLY UNWOODED.jpg,100,T1,exact normalized (unique),MATCHED
190,CONSTITUTION ROAD,White Wine > CHARDONNAY,Images/Boschendal 1685 Chardonnay.jpg,constitution_road_190.jpg,CONSTITUTION ROAD [190].jpg,100,T0,id-suffix _190 + name match,MATCHED
191,ALLÉE BLEUE ISABEAU,White Wine > CHARDONNAY,Images/Boschendal 1685 Chardonnay.jpg,allee_bleue_isabeau.jpg,ALLÉE BLEUE ISABEAU.jpg,100,T1,exact normalized (unique),MATCHED
192,RUPERT & ROTHSCHILD BARONESS NADINE,White Wine > CHARDONNAY,Images/Boschendal 1685 Chardonnay.jpg,rupert_and_rothschild_baroness_nadine.jpg,RUPERT & ROTHSCHILD BARONESS NADINE.jpg,100,T1,exact normalized (unique),MATCHED
193,BLACK,White Wine > CHARDONNAY,Images/Boschendal 1685 Chardonnay.jpg,black_193.jpg,BLACK [193].jpg,100,T0,id-suffix _193 + name match,MATCHED
194,BOSCHENDAL 1685,White Wine > CHARDONNAY,Images/Boschendal 1685 Chardonnay.jpg,boschendal_1685_194.jpg,BOSCHENDAL 1685 [194].jpg,100,T0,id-suffix _194 + name match,MATCHED
195,ZONNEBLOEM BLANC DE BLANC,White Wine > SEMI-SWEET AND OTHER WHITES,Images/Mojito.jpg,zonnebloem_blanc_de_blanc.jpg,ZONNEBLOEM BLANC DE BLANC.jpg,100,T1,exact normalized (unique),MATCHED
196,NITIDA SEMILLION,White Wine > SEMI-SWEET AND OTHER WHITES,Images/Porcupine Ridge Shiraz.jpg,nitida_semillion.jpg,NITIDA SEMILLION.jpg,100,T1,exact normalized (unique),MATCHED
197,HAUTE CABRIÈRE CHARDONNAY PINOT NOIR,White Wine > SEMI-SWEET AND OTHER WHITES,Images/Boschendal 1685 Chardonnay.jpg,haute_cabriere_chardonnay_pinot_noir.jpg,HAUTE CABRIÈRE CHARDONNAY PINOT NOIR.jpg,100,T1,exact normalized (unique),MATCHED
198,CONSTANTIA GLEN TWO,White Wine > SEMI-SWEET AND OTHER WHITES,Images/Mojito.jpg,constantia_glen_two.jpg,CONSTANTIA GLEN TWO.jpg,100,T1,exact normalized (unique),MATCHED
199,DE KRANS MOSCATO,White Wine > SEMI-SWEET AND OTHER WHITES,Images/Mojito.jpg,de_krans_moscato.jpg,DE KRANS MOSCATO.jpg,100,T1,exact normalized (unique),MATCHED
200,TRUMPS,Red Wine > PINOTAGE,Images/Fairview Pinotage.jpeg,trumps.jpg,TRUMPS.jpg,100,T1,exact normalized (unique),MATCHED
201,BEYERSKLOOF RESERVE,Red Wine > PINOTAGE,Images/Fairview Pinotage.jpeg,beyerskloof_reserve.jpg,BEYERSKLOOF RESERVE.jpg,100,T1,exact normalized (unique),MATCHED
202,ZONNEBLOEM,Red Wine > PINOTAGE,Images/Fairview Pinotage.jpeg,zonnebloem_202.jpg,ZONNEBLOEM [202].jpg,100,T0,id-suffix _202 + name match,MATCHED
203,DIEMERSDAL RESERVE,Red Wine > PINOTAGE,Images/Fairview Pinotage.jpeg,diemersdal_reserve.jpg,DIEMERSDAL RESERVE.jpg,100,T1,exact normalized (unique),MATCHED
204,LANZERAC,Red Wine > PINOTAGE,Images/Fairview Pinotage.jpeg,lanzerac.jpg,LANZERAC.jpg,100,T1,exact normalized (unique),MATCHED
205,BLACK,Red Wine > PINOTAGE,Images/Fairview Pinotage.jpeg,black_205.jpg,BLACK [205].jpg,100,T0,id-suffix _205 + name match,MATCHED
206,ALLÉE BLEUE BLACK SERIES OLD VINE,Red Wine > PINOTAGE,Images/Fairview Pinotage.jpeg,allee_bleue_black_series_old_vine.jpg,ALLÉE BLEUE BLACK SERIES OLD VINE.jpg,100,T1,exact normalized (unique),MATCHED
207,SPIER 21 GABLES,Red Wine > PINOTAGE,Images/Fairview Pinotage.jpeg,spier_21_gables.jpg,SPIER 21 GABLES.jpg,100,T1,exact normalized (unique),MATCHED
208,ORPHEUS AND THE RAVEN 7,Red Wine > PINOTAGE,Images/Fairview Pinotage.jpeg,orpheus_and_the_raven_7.jpg,ORPHEUS AND THE RAVEN 7.jpg,100,T1,exact normalized (unique),MATCHED
209,GLENELLY GLASS COLLECTION,Red Wine > MERLOT,Images/Porcupine Ridge Shiraz.jpg,glenelly_glass_collection.jpg,GLENELLY GLASS COLLECTION.jpg,100,T1,exact normalized (unique),MATCHED
210,DURBANVILLE HILLS,Red Wine > MERLOT,Images/Porcupine Ridge Shiraz.jpg,durbanville_hills_210.jpg,DURBANVILLE HILLS [210].jpg,100,T0,id-suffix _210 + name match,MATCHED
211,GLEN CARLOU,Red Wine > MERLOT,Images/Porcupine Ridge Shiraz.jpg,glen_carlou.jpg,GLEN CARLOU.jpg,100,T1,exact normalized (unique),MATCHED
212,DE GRENDEL,Red Wine > MERLOT,Images/Porcupine Ridge Shiraz.jpg,de_grendel.jpg,DE GRENDEL.jpg,100,T1,exact normalized (unique),MATCHED
213,SHANNON ELGIN,Red Wine > MERLOT,Images/Porcupine Ridge Shiraz.jpg,shannon_elgin.jpg,SHANNON ELGIN.jpg,100,T1,exact normalized (unique),MATCHED
214,THELEMA,Red Wine > MERLOT,Images/Porcupine Ridge Shiraz.jpg,thelema.jpg,THELEMA.jpg,100,T1,exact normalized (unique),MATCHED
215,CREATION,Red Wine > MERLOT,Images/Porcupine Ridge Shiraz.jpg,creation_215.jpg,CREATION [215].jpg,100,T0,id-suffix _215 + name match,MATCHED
216,GROOT CONSTANTIA,Red Wine > MERLOT,Images/Porcupine Ridge Shiraz.jpg,groot_constantia.jpg,GROOT CONSTANTIA.jpg,100,T1,exact normalized (unique),MATCHED
217,BOSCHENDAL 1685,Red Wine > MERLOT,Images/Porcupine Ridge Shiraz.jpg,boschendal_1685_217.jpg,BOSCHENDAL 1685 [217].jpg,100,T0,id-suffix _217 + name match,MATCHED
218,NEDERBURG,Red Wine > ROSÉ,Images/Mojito.jpg,nederburg_218.jpg,NEDERBURG [218].jpg,100,T0,id-suffix _218 + name match,MATCHED
219,WARWICK THE FIRST LADY,Red Wine > ROSÉ,Images/Mojito.jpg,warwick_the_first_lady.jpg,WARWICK THE FIRST LADY.jpg,100,T1,exact normalized (unique),MATCHED
220,L'AVENIR GLENROSE,Red Wine > ROSÉ,Images/Mojito.jpg,l_avenir_glenrose.jpg,L'AVENIR GLENROSE.jpg,100,T1,exact normalized (unique),MATCHED
221,LA MOTTE VIN DE JOIE,Red Wine > ROSÉ,Images/Mojito.jpg,la_motte_vin_de_joie.jpg,LA MOTTE VIN DE JOIE.jpg,100,T1,exact normalized (unique),MATCHED
222,NEDERBURG WINE MASTERS,Red Wine > CABERNET SAUVIGNON,Images/Two Oceans Sauvignon Blanc.jpg,nederburg_wine_masters.jpg,NEDERBURG WINE MASTERS.jpg,100,T1,exact normalized (unique),MATCHED
223,ZONNEBLOEM,Red Wine > CABERNET SAUVIGNON,Images/Two Oceans Sauvignon Blanc.jpg,zonnebloem_223.jpg,ZONNEBLOEM [223].jpg,100,T0,id-suffix _223 + name match,MATCHED
224,RUSTENBURG,Red Wine > CABERNET SAUVIGNON,Images/Two Oceans Sauvignon Blanc.jpg,rustenburg.jpg,RUSTENBURG.jpg,100,T1,exact normalized (unique),MATCHED
225,TOKARA,Red Wine > CABERNET SAUVIGNON,Images/Two Oceans Sauvignon Blanc.jpg,tokara.jpg,TOKARA.jpg,100,T1,exact normalized (unique),MATCHED
226,LE RICHE,Red Wine > CABERNET SAUVIGNON,Images/Two Oceans Sauvignon Blanc.jpg,le_riche.jpg,LE RICHE.jpg,100,T1,exact normalized (unique),MATCHED
227,ERNIE ELS MAJOR SERIES,Red Wine > CABERNET SAUVIGNON,Images/Two Oceans Sauvignon Blanc.jpg,ernie_els_major_series.jpg,ERNIE ELS MAJOR SERIES.jpg,100,T1,exact normalized (unique),MATCHED
228,KLEINE ZALZE FAMILY RESERVE,Red Wine > CABERNET SAUVIGNON,Images/Two Oceans Sauvignon Blanc.jpg,kleine_zalze_family_reserve.jpg,KLEINE ZALZE FAMILY RESERVE.jpg,100,T1,exact normalized (unique),MATCHED
229,BOEKENHOUTSKLOOF STELLENBOSCH,Red Wine > CABERNET SAUVIGNON,Images/Two Oceans Sauvignon Blanc.jpg,boekenhoutskloof_stellenbosch.jpg,BOEKENHOUTSKLOOF STELLENBOSCH.jpg,100,T1,exact normalized (unique),MATCHED
230,LE RICHE RESERVE,Red Wine > CABERNET SAUVIGNON,Images/Two Oceans Sauvignon Blanc.jpg,le_riche_reserve.jpg,LE RICHE RESERVE.jpg,100,T1,exact normalized (unique),MATCHED
231,NEIL ELLIS JONKERSHOEK VALLEY,Red Wine > CABERNET SAUVIGNON,Images/Two Oceans Sauvignon Blanc.jpg,neil_ellis_jonkershoek_valley.jpg,NEIL ELLIS JONKERSHOEK VALLEY.jpg,100,T1,exact normalized (unique),MATCHED
232,DURBANVILLE HILLS,Red Wine > SHIRAZ,Images/Porcupine Ridge Shiraz.jpg,durbanville_hills_232.jpg,DURBANVILLE HILLS [232].jpg,100,T0,id-suffix _232 + name match,MATCHED
233,CAPE OF GOOD HOPE RIEBEEKSRIVIER,Red Wine > SHIRAZ,Images/Porcupine Ridge Shiraz.jpg,cape_of_good_hope_riebeeksrivier.jpg,CAPE OF GOOD HOPE RIEBEEKSRIVIER.jpg,100,T1,exact normalized (unique),MATCHED
234,FAT BASTARD,Red Wine > SHIRAZ,Images/Porcupine Ridge Shiraz.jpg,fat_bastard_234.jpg,FAT BASTARD [234].jpg,100,T0,id-suffix _234 + name match,MATCHED
235,KLEINE ZALZE VINEYARD SELECTION,Red Wine > SHIRAZ,Images/Porcupine Ridge Shiraz.jpg,kleine_zalze_vineyard_selection_235.jpg,KLEINE ZALZE VINEYARD SELECTION [235].jpg,100,T0,id-suffix _235 + name match,MATCHED
236,BLACK,Red Wine > SHIRAZ,Images/Porcupine Ridge Shiraz.jpg,black_236.jpg,BLACK [236].jpg,100,T0,id-suffix _236 + name match,MATCHED
237,KANU NATURAL SWEET,Red Wine > SHIRAZ,Images/Porcupine Ridge Shiraz.jpg,kanu_natural_sweet.jpg,KANU NATURAL SWEET.jpg,100,T1,exact normalized (unique),MATCHED
238,ALLÉE BLEUE ESTATE,Red Wine > SHIRAZ,Images/Porcupine Ridge Shiraz.jpg,allee_bleue_estate_238.jpg,ALLÉE BLEUE ESTATE [238].jpg,100,T0,id-suffix _238 + name match,MATCHED
239,CONSTITUTION ROAD,Red Wine > SHIRAZ,Images/Porcupine Ridge Shiraz.jpg,constitution_road_239.jpg,CONSTITUTION ROAD [239].jpg,100,T0,id-suffix _239 + name match,MATCHED
240,RUST EN VREDE ESTATE,Red Wine > SHIRAZ,Images/Porcupine Ridge Shiraz.jpg,rust_en_vrede_estate_240.jpg,RUST EN VREDE ESTATE [240].jpg,100,T0,id-suffix _240 + name match,MATCHED
241,BOEKENHOUTSKLOOF,Red Wine > SHIRAZ,Images/Porcupine Ridge Shiraz.jpg,boekenhoutskloof.jpg,BOEKENHOUTSKLOOF.jpg,100,T1,exact normalized (unique),MATCHED
242,ALTO,Red Wine > SHIRAZ,Images/Porcupine Ridge Shiraz.jpg,alto.jpg,ALTO.jpg,100,T1,exact normalized (unique),MATCHED
243,CAP MARITIME COASTAL,Red Wine > PINOT NOIR,Images/Mojito.jpg,cap_maritime_coastal.jpg,CAP MARITIME COASTAL.jpg,100,T1,exact normalized (unique),MATCHED
244,CREATION,Red Wine > PINOT NOIR,Images/Mojito.jpg,creation_244.jpg,CREATION [244].jpg,100,T0,id-suffix _244 + name match,MATCHED
245,HAUTE CABRIÈRE UNWOODED,Red Wine > PINOT NOIR,Images/Mojito.jpg,haute_cabriere_unwooded.jpg,HAUTE CABRIÈRE UNWOODED.jpg,100,T1,exact normalized (unique),MATCHED
246,GHOST CORNER,Red Wine > PINOT NOIR,Images/Mojito.jpg,ghost_corner.jpg,GHOST CORNER.jpg,100,T1,exact normalized (unique),MATCHED
247,PAUL CLÜVER ESTATE,Red Wine > PINOT NOIR,Images/Mojito.jpg,paul_cluver_estate.jpg,PAUL CLÜVER ESTATE.jpg,100,T1,exact normalized (unique),MATCHED
248,DALLA CIA,Red Wine > PINOT NOIR,Images/Mojito.jpg,dalla_cia.jpg,DALLA CIA.jpg,100,T1,exact normalized (unique),MATCHED
249,MEERLUST RED,Red Wine > RED BLENDS,Images/Mojito.jpg,meerlust_red.jpg,MEERLUST RED.jpg,100,T1,exact normalized (unique),MATCHED
250,WARWICK THREE CAPE LADIES,Red Wine > RED BLENDS,Images/Mojito.jpg,warwick_three_cape_ladies.jpg,WARWICK THREE CAPE LADIES.jpg,100,T1,exact normalized (unique),MATCHED
251,FAT BASTARD GOLDEN RESERVE,Red Wine > RED BLENDS,Images/Mojito.jpg,fat_bastard_golden_reserve.jpg,FAT BASTARD GOLDEN RESERVE.jpg,100,T1,exact normalized (unique),MATCHED
252,ANTHONIJ RUPERT OPTIMA,Red Wine > RED BLENDS,Images/Mojito.jpg,anthonij_rupert_optima.jpg,ANTHONIJ RUPERT OPTIMA.jpg,100,T1,exact normalized (unique),MATCHED
253,DELAIRE GRAFF BOTMASKOP,Red Wine > RED BLENDS,Images/Mojito.jpg,delaire_graff_botmaskop.jpg,DELAIRE GRAFF BOTMASKOP.jpg,100,T1,exact normalized (unique),MATCHED
254,LA MOTTE PIERNEEF SYRAH VIOGNIER,Red Wine > RED BLENDS,Images/Mojito.jpg,la_motte_pierneef_syrah_viognier.jpg,LA MOTTE PIERNEEF SYRAH VIOGNIER.jpg,100,T1,exact normalized (unique),MATCHED
255,HAUTE CABRIÈRE ARNIM FAMILY RÉSERVE,Red Wine > RED BLENDS,Images/Mojito.jpg,haute_cabriere_arnim_family_reserve.jpg,HAUTE CABRIÈRE ARNIM FAMILY RÉSERVE.jpg,100,T1,exact normalized (unique),MATCHED
256,SARONSBERG SEISMIC,Red Wine > RED BLENDS,Images/Mojito.jpg,saronsberg_seismic.jpg,SARONSBERG SEISMIC.jpg,100,T1,exact normalized (unique),MATCHED
257,LE RICHE RICHESSE,Red Wine > RED BLENDS,Images/Mojito.jpg,le_riche_richesse.jpg,LE RICHE RICHESSE.jpg,100,T1,exact normalized (unique),MATCHED
258,BOSCHENDAL NICOLAS,Red Wine > RED BLENDS,Images/Mojito.jpg,boschendal_nicolas.jpg,BOSCHENDAL NICOLAS.jpg,100,T1,exact normalized (unique),MATCHED
259,RUPERT & ROTHSCHILD CLASSIQUE,Red Wine > RED BLENDS,Images/Mojito.jpg,rupert_and_rothschild_classique.jpg,RUPERT & ROTHSCHILD CLASSIQUE.jpg,100,T1,exact normalized (unique),MATCHED
260,SERIOUSLY OLD DIRT BY VILAFONTE,Red Wine > RED BLENDS,Images/Mojito.jpg,seriously_old_dirt_by_vilafonte.jpg,SERIOUSLY OLD DIRT BY VILAFONTE.jpg,100,T1,exact normalized (unique),MATCHED
261,THE CHOCOLATE BLOCK,Red Wine > RED BLENDS,Images/Mojito.jpg,the_chocolate_block.jpg,THE CHOCOLATE BLOCK.jpg,100,T1,exact normalized (unique),MATCHED
262,ORPHEUS & THE RAVEN ETERNAL 8,Red Wine > RED BLENDS,Images/Mojito.jpg,orpheus_and_the_raven_eternal_8.jpg,ORPHEUS & THE RAVEN ETERNAL 8.jpg,100,T1,exact normalized (unique),MATCHED
263,GROOT CONSTANTIA LADY OF ABUNDANCE,Red Wine > RED BLENDS,Images/Mojito.jpg,groot_constantia_lady_of_abundance.jpg,GROOT CONSTANTIA LADY OF ABUNDANCE.jpg,100,T1,exact normalized (unique),MATCHED
264,CONSTANTIA GLEN 3,Red Wine > RED BLENDS,Images/Mojito.jpg,constantia_glen_3.jpg,CONSTANTIA GLEN 3.jpg,100,T1,exact normalized (unique),MATCHED
265,ORPHEUS & THE RAVEN 42,Red Wine > RED BLENDS,Images/Mojito.jpg,orpheus_and_the_raven_42.jpg,ORPHEUS & THE RAVEN 42.jpg,100,T1,exact normalized (unique),MATCHED
266,MURATIE ANSELA VAN DE CAAB,Red Wine > RED BLENDS,Images/Mojito.jpg,muratie_ansela_van_de_caab.jpg,MURATIE ANSELA VAN DE CAAB.jpg,100,T1,exact normalized (unique),MATCHED
267,ALTO ESTATE,Red Wine > RED BLENDS,Images/Mojito.jpg,alto_estate.jpg,ALTO ESTATE.jpg,100,T1,exact normalized (unique),MATCHED
268,GROOT CONSTANTIA GOUVERNEURS RESERVE,Red Wine > RED BLENDS,Images/Mojito.jpg,groot_constantia_gouverneurs_reserve.jpg,GROOT CONSTANTIA GOUVERNEURS RESERVE.jpg,100,T1,exact normalized (unique),MATCHED
269,GLENELLY LADY MAY,Red Wine > RED BLENDS,Images/Mojito.jpg,glenelly_lady_may.jpg,GLENELLY LADY MAY.jpg,100,T1,exact normalized (unique),MATCHED
270,RUST EN VREDE ESTATE,Red Wine > RED BLENDS,Images/Mojito.jpg,rust_en_vrede_estate_270.jpg,RUST EN VREDE ESTATE [270].jpg,100,T0,id-suffix _270 + name match,MATCHED
271,WARWICK TRILOGY,Red Wine > RED BLENDS,Images/Mojito.jpg,warwick_trilogy.jpg,WARWICK TRILOGY.jpg,100,T1,exact normalized (unique),MATCHED
272,VILAFONTE SERIES M,Red Wine > RED BLENDS,Images/Mojito.jpg,vilafonte_series_m.jpg,VILAFONTE SERIES M.jpg,100,T1,exact normalized (unique),MATCHED
273,VILAFONTE SERIES C,Red Wine > RED BLENDS,Images/Mojito.jpg,vilafonte_series_c.jpg,VILAFONTE SERIES C.jpg,100,T1,exact normalized (unique),MATCHED
274,CASTLE,Beers > DRAUGHTS,Images/Heineken (330ml).jpg,castle.jpg,CASTLE.jpg,100,T1,exact normalized (unique),MATCHED
275,CASTLE LITE,Beers > DRAUGHTS,Images/Heineken (330ml).jpg,castle_lite_275.jpg,CASTLE LITE [275].jpg,100,T0,id-suffix _275 + name match,MATCHED
276,STELLA ARTOIS,Beers > DRAUGHTS,Images/Heineken (330ml).jpg,stella_artois.jpg,STELLA ARTOIS.jpg,100,T1,exact normalized (unique),MATCHED
277,HEINEKEN,Beers > DRAUGHTS,Images/Heineken (330ml).jpg,heineken_277.jpg,HEINEKEN [277].jpg,100,T0,id-suffix _277 + name match,MATCHED
278,WINDHOEK,Beers > DRAUGHTS,Images/Heineken (330ml).jpg,windhoek.jpg,WINDHOEK.jpg,100,T1,exact normalized (unique),MATCHED
279,CARLING BLACK LABEL,Beers > BEERS LOCAL,Images/Heineken (330ml).jpg,carling_black_label.jpg,CARLING BLACK LABEL.jpg,100,T1,exact normalized (unique),MATCHED
280,CASTLE LAGER,Beers > BEERS LOCAL,Images/Heineken (330ml).jpg,castle_lager.jpg,CASTLE LAGER.jpg,100,T1,exact normalized (unique),MATCHED
281,CASTLE LITE,Beers > BEERS LOCAL,Images/Heineken (330ml).jpg,castle_lite_281.jpg,CASTLE LITE [281].jpg,100,T0,id-suffix _281 + name match,MATCHED
282,CASTLE DOUBLE MALT,Beers > BEERS LOCAL,Images/Heineken (330ml).jpg,castle_double_malt.jpg,CASTLE DOUBLE MALT.jpg,100,T1,exact normalized (unique),MATCHED
283,FLYING FISH LEMON,Beers > BEERS LOCAL,Images/Heineken (330ml).jpg,flying_fish_lemon.jpg,FLYING FISH LEMON.jpg,100,T1,exact normalized (unique),MATCHED
284,FLYING FISH DRY APPLE,Beers > BEERS LOCAL,Images/Heineken (330ml).jpg,flying_fish_dry_apple.jpg,FLYING FISH DRY APPLE.jpg,100,T1,exact normalized (unique),MATCHED
285,CORONA,Beers > BEERS IMPORTED,Images/Heineken (330ml).jpg,corona.jpg,CORONA.jpg,100,T1,exact normalized (unique),MATCHED
286,AMSTEL,Beers > BEERS IMPORTED,Images/Heineken (330ml).jpg,amstel.jpg,AMSTEL.jpg,100,T1,exact normalized (unique),MATCHED
287,HEINEKEN SILVER,Beers > BEERS IMPORTED,Images/Heineken (330ml).jpg,heineken_silver.jpg,HEINEKEN SILVER.jpg,100,T1,exact normalized (unique),MATCHED
288,HEINEKEN,Beers > BEERS IMPORTED,Images/Heineken (330ml).jpg,heineken_288.jpg,HEINEKEN [288].jpg,100,T0,id-suffix _288 + name match,MATCHED
289,BUDWEISER,Beers > BEERS IMPORTED,Images/Heineken (330ml).jpg,budweiser.jpg,BUDWEISER.jpg,100,T1,exact normalized (unique),MATCHED
290,CORONA NON-ALCOHOLIC 0.0,Beers > NON-ALCOHOLIC BEERS & CIDERS,Images/Heineken (330ml).jpg,corona_non_alcoholic_0_0.jpg,CORONA NON-ALCOHOLIC 0.0.jpg,100,T1,exact normalized (unique),MATCHED
291,HEINEKEN 0.0,Beers > NON-ALCOHOLIC BEERS & CIDERS,Images/Heineken (330ml).jpg,heineken_0_0.jpg,HEINEKEN 0.0.jpg,100,T1,exact normalized (unique),MATCHED
292,SAVANNA LEMON - NON-ALCOHOLIC,Beers > NON-ALCOHOLIC BEERS & CIDERS,Images/Heineken (330ml).jpg,savanna_lemon_non_alcoholic.jpg,SAVANNA LEMON - NON-ALCOHOLIC.jpg,100,T1,exact normalized (unique),MATCHED
293,BRUTAL FRUIT LITCHI SECHE,Beers > CIDERS & COOLERS,Images/Savanna Dry (330ml).jpg,brutal_fruit_litchi_seche.jpg,BRUTAL FRUIT LITCHI SECHE.jpg,100,T1,exact normalized (unique),MATCHED
294,BERNINI BLUSH,Beers > CIDERS & COOLERS,Images/Savanna Dry (330ml).jpg,bernini_blush.jpg,BERNINI BLUSH.jpg,100,T1,exact normalized (unique),MATCHED
295,HUNTERS DRY,Beers > CIDERS & COOLERS,Images/Savanna Dry (330ml).jpg,hunters_dry.jpg,HUNTERS DRY.jpg,100,T1,exact normalized (unique),MATCHED
296,HUNTERS GOLD,Beers > CIDERS & COOLERS,Images/Savanna Dry (330ml).jpg,hunters_gold.jpg,HUNTERS GOLD.jpg,100,T1,exact normalized (unique),MATCHED
297,SAVANNA DRY,Beers > CIDERS & COOLERS,Images/Savanna Dry (330ml).jpg,savanna_dry.jpg,SAVANNA DRY.jpg,100,T1,exact normalized (unique),MATCHED
298,SAVANNA LIGHT,Beers > CIDERS & COOLERS,Images/Savanna Dry (330ml).jpg,savanna_light.jpg,SAVANNA LIGHT.jpg,100,T1,exact normalized (unique),MATCHED
299,LOXTONIA CRISPY APPLE CIDER,Beers > CIDERS & COOLERS,Images/Savanna Dry (330ml).jpg,loxtonia_crispy_apple_cider.jpg,LOXTONIA CRISPY APPLE CIDER.jpg,100,T1,exact normalized (unique),MATCHED
300,LOXTONIA STONE FRUIT CIDER,Beers > CIDERS & COOLERS,Images/Savanna Dry (330ml).jpg,loxtonia_stone_fruit_cider.jpg,LOXTONIA STONE FRUIT CIDER.jpg,100,T1,exact normalized (unique),MATCHED
301,GLENFIDDICH 12 year,Spirits > SINGLE & BLENDED MALTS,Images/Johnnie Walker Black Label 12yo 750ml.jpeg,glenfiddich_12_year.jpg,GLENFIDDICH 12 year.jpg,100,T1,exact normalized (unique),MATCHED
302,GLENFIDDICH 15 year,Spirits > SINGLE & BLENDED MALTS,Images/Johnnie Walker Black Label 12yo 750ml.jpeg,glenfiddich_15_year.jpg,GLENFIDDICH 15 year.jpg,100,T1,exact normalized (unique),MATCHED
303,GLENFIDDICH 18 year,Spirits > SINGLE & BLENDED MALTS,Images/Johnnie Walker Black Label 12yo 750ml.jpeg,glenfiddich_18_year.jpg,GLENFIDDICH 18 year.jpg,100,T1,exact normalized (unique),MATCHED
304,GLENFIDDICH 21 year,Spirits > SINGLE & BLENDED MALTS,Images/Johnnie Walker Black Label 12yo 750ml.jpeg,glenfiddich_21_year.jpg,GLENFIDDICH 21 year.jpg,100,T1,exact normalized (unique),MATCHED
305,GLENFIDDICH 23 year Grand Gru,Spirits > SINGLE & BLENDED MALTS,Images/Johnnie Walker Black Label 12yo 750ml.jpeg,glenfiddich_23_year_grand_gru.jpg,GLENFIDDICH 23 year Grand Gru.jpg,100,T1,exact normalized (unique),MATCHED
306,GLENFIDDICH 26 year Grande Couronne,Spirits > SINGLE & BLENDED MALTS,Images/Johnnie Walker Black Label 12yo 750ml.jpeg,glenfiddich_26_year_grande_couronne.jpg,GLENFIDDICH 26 year Grande Couronne.jpg,100,T1,exact normalized (unique),MATCHED
307,JOHNNIE WALKER BLONDE,Spirits > SINGLE & BLENDED MALTS,Images/Johnnie Walker Black Label 12yo 750ml.jpeg,johnnie_walker_blonde.jpg,JOHNNIE WALKER BLONDE.jpg,100,T1,exact normalized (unique),MATCHED
308,JOHNNIE WALKER BLACK,Spirits > SINGLE & BLENDED MALTS,Images/Johnnie Walker Black Label 12yo 750ml.jpeg,johnnie_walker_black.jpg,JOHNNIE WALKER BLACK.jpg,100,T1,exact normalized (unique),MATCHED
309,JOHNNIE WALKER GOLD,Spirits > SINGLE & BLENDED MALTS,Images/Johnnie Walker Black Label 12yo 750ml.jpeg,johnnie_walker_gold.jpg,JOHNNIE WALKER GOLD.jpg,100,T1,exact normalized (unique),MATCHED
310,JOHNNIE WALKER GREEN,Spirits > SINGLE & BLENDED MALTS,Images/Johnnie Walker Black Label 12yo 750ml.jpeg,johnnie_walker_green.jpg,JOHNNIE WALKER GREEN.jpg,100,T1,exact normalized (unique),MATCHED
311,JOHNNIE WALKER BLUE,Spirits > SINGLE & BLENDED MALTS,Images/Johnnie Walker Black Label 12yo 750ml.jpeg,johnnie_walker_blue.jpg,JOHNNIE WALKER BLUE.jpg,100,T1,exact normalized (unique),MATCHED
312,JAMESON,Spirits > SINGLE & BLENDED MALTS,Images/Jameson Irish Whiskey 750ml.jpg,jameson.jpg,JAMESON.jpg,100,T1,exact normalized (unique),MATCHED
313,JAMESON SELECT RESERVE,Spirits > SINGLE & BLENDED MALTS,Images/Jameson Irish Whiskey 750ml.jpg,jameson_select_reserve.jpg,JAMESON SELECT RESERVE.jpg,100,T1,exact normalized (unique),MATCHED
314,BELLS,Spirits > SINGLE & BLENDED MALTS,Images/Johnnie Walker Black Label 12yo 750ml.jpeg,bells.jpg,BELLS.jpg,100,T1,exact normalized (unique),MATCHED
315,JACK DANIELS,Spirits > SINGLE & BLENDED MALTS,Images/Jameson Irish Whiskey 750ml.jpg,jack_daniels.jpg,JACK DANIELS.jpg,100,T1,exact normalized (unique),MATCHED
316,BAINS CAPE MOUNTAIN,Spirits > SINGLE & BLENDED MALTS,Images/Johnnie Walker Black Label 12yo 750ml.jpeg,bains_cape_mountain.jpg,BAINS CAPE MOUNTAIN.jpg,100,T1,exact normalized (unique),MATCHED
317,GRANTS TRIPPLE WOOD 12 year,Spirits > SINGLE & BLENDED MALTS,Images/Johnnie Walker Black Label 12yo 750ml.jpeg,grants_tripple_wood_12_year.jpg,GRANTS TRIPPLE WOOD 12 year.jpg,100,T1,exact normalized (unique),MATCHED
318,BUSHMILLS ORIGINAL,Spirits > SINGLE & BLENDED MALTS,Images/Jameson Irish Whiskey 750ml.jpg,bushmills_original.jpg,BUSHMILLS ORIGINAL.jpg,100,T1,exact normalized (unique),MATCHED
319,BUSHMILLS BLACK,Spirits > SINGLE & BLENDED MALTS,Images/Jameson Irish Whiskey 750ml.jpg,bushmills_black.jpg,BUSHMILLS BLACK.jpg,100,T1,exact normalized (unique),MATCHED
320,CARDHU 12 year,Spirits > SINGLE & BLENDED MALTS,Images/Johnnie Walker Black Label 12yo 750ml.jpeg,cardhu_12_year.jpg,CARDHU 12 year.jpg,100,T1,exact normalized (unique),MATCHED
321,MACALLAN 15 year,Spirits > SINGLE & BLENDED MALTS,Images/Johnnie Walker Black Label 12yo 750ml.jpeg,macallan_15_year.jpg,MACALLAN 15 year.jpg,100,T1,exact normalized (unique),MATCHED
322,GLENLIVET 18 year,Spirits > SINGLE & BLENDED MALTS,Images/Johnnie Walker Black Label 12yo 750ml.jpeg,glenlivet_18_year.jpg,GLENLIVET 18 year.jpg,100,T1,exact normalized (unique),MATCHED
323,GLENMORANGIE 10 year,Spirits > SINGLE & BLENDED MALTS,Images/Johnnie Walker Black Label 12yo 750ml.jpeg,glenmorangie_10_year.jpg,GLENMORANGIE 10 year.jpg,100,T1,exact normalized (unique),MATCHED
324,SINGLETON 12 year,Spirits > SINGLE & BLENDED MALTS,Images/Johnnie Walker Black Label 12yo 750ml.jpeg,singleton_12_year.jpg,SINGLETON 12 year.jpg,100,T1,exact normalized (unique),MATCHED
325,BALVENIE 12 year,Spirits > SINGLE & BLENDED MALTS,Images/Johnnie Walker Black Label 12yo 750ml.jpeg,balvenie_12_year.jpg,BALVENIE 12 year.jpg,100,T1,exact normalized (unique),MATCHED
326,LAGAVULIN 16 year,Spirits > SINGLE & BLENDED MALTS,Images/Johnnie Walker Black Label 12yo 750ml.jpeg,lagavulin_16_year.jpg,LAGAVULIN 16 year.jpg,100,T1,exact normalized (unique),MATCHED
327,POGUES IRISH WHISKY,Spirits > SINGLE & BLENDED MALTS,Images/Jameson Irish Whiskey 750ml.jpg,pogues_irish_whisky.jpg,POGUES IRISH WHISKY.jpg,100,T1,exact normalized (unique),MATCHED
328,REMY MARTIN 1738,Spirits > COGNAC,Images/Mojito.jpg,remy_martin_1738.jpg,REMY MARTIN 1738.jpg,100,T1,exact normalized (unique),MATCHED
329,REMY MARTIN VSOP,Spirits > COGNAC,Images/Mojito.jpg,remy_martin_vsop.jpg,REMY MARTIN VSOP.jpg,100,T1,exact normalized (unique),MATCHED
330,REMY MARTIN XO EXCELLENCE,Spirits > COGNAC,Images/Mojito.jpg,remy_martin_xo_excellence.jpg,REMY MARTIN XO EXCELLENCE.jpg,100,T1,exact normalized (unique),MATCHED
331,HENNESSY VERY SPECIAL,Spirits > COGNAC,Images/Mojito.jpg,hennessy_very_special.jpg,HENNESSY VERY SPECIAL.jpg,100,T1,exact normalized (unique),MATCHED
332,HENNESSY VSOP PRIVILEGE,Spirits > COGNAC,Images/Mojito.jpg,hennessy_vsop_privilege.jpg,HENNESSY VSOP PRIVILEGE.jpg,100,T1,exact normalized (unique),MATCHED
333,HENNESSY XO,Spirits > COGNAC,Images/Mojito.jpg,hennessy_xo.jpg,HENNESSY XO.jpg,100,T1,exact normalized (unique),MATCHED
334,JOSE CUERVO CLASICO,Spirits > TEQUILA,Images/Mojito.jpg,jose_cuervo_clasico.jpg,JOSE CUERVO CLASICO.jpg,100,T1,exact normalized (unique),MATCHED
335,JOSE CUERVO REPOSADO,Spirits > TEQUILA,Images/Mojito.jpg,jose_cuervo_reposado.jpg,JOSE CUERVO REPOSADO.jpg,100,T1,exact normalized (unique),MATCHED
336,JOSE CUERVO TRADICIONAL PLATA,Spirits > TEQUILA,Images/Mojito.jpg,jose_cuervo_tradicional_plata.jpg,JOSE CUERVO TRADICIONAL PLATA.jpg,100,T1,exact normalized (unique),MATCHED
337,JOSE CUERVO TRADICIONAL REPOSADO,Spirits > TEQUILA,Images/Mojito.jpg,jose_cuervo_tradicional_reposado.jpg,JOSE CUERVO TRADICIONAL REPOSADO.jpg,100,T1,exact normalized (unique),MATCHED
338,1800 TEQUILA REPOSADO,Spirits > TEQUILA,Images/Mojito.jpg,1800_tequila_reposado.jpg,1800 TEQUILA REPOSADO.jpg,100,T1,exact normalized (unique),MATCHED
339,HERENCIA REPOSADO,Spirits > TEQUILA,Images/Mojito.jpg,herencia_reposado.jpg,HERENCIA REPOSADO.jpg,100,T1,exact normalized (unique),MATCHED
340,HERENCIA ANEJO,Spirits > TEQUILA,Images/Mojito.jpg,herencia_anejo.jpg,HERENCIA ANEJO.jpg,100,T1,exact normalized (unique),MATCHED
341,DON JULIO BLANCO,Spirits > TEQUILA,Images/Mojito.jpg,don_julio_blanco.jpg,DON JULIO BLANCO.jpg,100,T1,exact normalized (unique),MATCHED
342,DON JULIO REPOSADO,Spirits > TEQUILA,Images/Mojito.jpg,don_julio_reposado.jpg,DON JULIO REPOSADO.jpg,100,T1,exact normalized (unique),MATCHED
343,DON JULIO 1942 ANEJO,Spirits > TEQUILA,Images/Mojito.jpg,don_julio_1942_anejo.jpg,DON JULIO 1942 ANEJO.jpg,100,T1,exact normalized (unique),MATCHED
344,CLASE AZUL REPOSADO,Spirits > TEQUILA,Images/Mojito.jpg,clase_azul_reposado.jpg,CLASE AZUL REPOSADO.jpg,100,T1,exact normalized (unique),MATCHED
345,TANQUERAY,Spirits > GIN,Images/Mojito.jpg,tanqueray.jpg,TANQUERAY.jpg,100,T1,exact normalized (unique),MATCHED
346,TANQUERAY FLOR DE SEVILLA,Spirits > GIN,Images/Mojito.jpg,tanqueray_flor_de_sevilla.jpg,TANQUERAY FLOR DE SEVILLA.jpg,100,T1,exact normalized (unique),MATCHED
347,TANQUERAY BLACKCURRANT ROYALE,Spirits > GIN,Images/Mojito.jpg,tanqueray_blackcurrant_royale.jpg,TANQUERAY BLACKCURRANT ROYALE.jpg,100,T1,exact normalized (unique),MATCHED
348,TANQUERAY No. 10,Spirits > GIN,Images/Mojito.jpg,tanqueray_no_10.jpg,TANQUERAY No. 10.jpg,100,T1,exact normalized (unique),MATCHED
349,AMARULA GIN,Spirits > GIN,Images/Mojito.jpg,amarula_gin.jpg,AMARULA GIN.jpg,100,T1,exact normalized (unique),MATCHED
350,MUSGRAVE BOTANICAL,Spirits > GIN,Images/Mojito.jpg,musgrave_botanical.jpg,MUSGRAVE BOTANICAL.jpg,100,T1,exact normalized (unique),MATCHED
351,MUSGRAVE PINK,Spirits > GIN,Images/Mojito.jpg,musgrave_pink.jpg,MUSGRAVE PINK.jpg,100,T1,exact normalized (unique),MATCHED
352,WOODSTOCK ORIGINAL,Spirits > GIN,Images/Mojito.jpg,woodstock_original.jpg,WOODSTOCK ORIGINAL.jpg,100,T1,exact normalized (unique),MATCHED
353,WOODSTOCK TANGERINE,Spirits > GIN,Images/Mojito.jpg,woodstock_tangerine.jpg,WOODSTOCK TANGERINE.jpg,100,T1,exact normalized (unique),MATCHED
354,HENDRICKS,Spirits > GIN,Images/Mojito.jpg,hendricks.jpg,HENDRICKS.jpg,100,T1,exact normalized (unique),MATCHED
355,WHITLEY NEILL ORIGINAL,Spirits > GIN,Images/Mojito.jpg,whitley_neill_original.jpg,WHITLEY NEILL ORIGINAL.jpg,100,T1,exact normalized (unique),MATCHED
356,KLIPDRIFT PREMIUM,Spirits > BRANDY,Images/Mojito.jpg,klipdrift_premium.jpg,KLIPDRIFT PREMIUM.jpg,100,T1,exact normalized (unique),MATCHED
357,RICHELIEU 10 Year,Spirits > BRANDY,Images/Mojito.jpg,richelieu_10_year.jpg,RICHELIEU 10 Year.jpg,100,T1,exact normalized (unique),MATCHED
358,KWV 10 Year,Spirits > BRANDY,Images/Mojito.jpg,kwv_10_year.jpg,KWV 10 Year.jpg,100,T1,exact normalized (unique),MATCHED
359,VAN RYN'S 12 Year,Spirits > BRANDY,Images/Mojito.jpg,van_ryn_s_12_year.jpg,VAN RYN'S 12 Year.jpg,100,T1,exact normalized (unique),MATCHED
360,CRUZ VINTAGE BLACK,Spirits > VODKA,Images/Mojito.jpg,cruz_vintage_black.jpg,CRUZ VINTAGE BLACK.jpg,100,T1,exact normalized (unique),MATCHED
361,CIROC,Spirits > VODKA,Images/Mojito.jpg,ciroc.jpg,CIROC.jpg,100,T1,exact normalized (unique),MATCHED
362,BELVEDERE,Spirits > VODKA,Images/Mojito.jpg,belvedere.jpg,BELVEDERE.jpg,100,T1,exact normalized (unique),MATCHED
363,GREY GOOSE,Spirits > VODKA,Images/Mojito.jpg,grey_goose.jpg,GREY GOOSE.jpg,100,T1,exact normalized (unique),MATCHED
364,CAPTAIN MORGAN SPICED GOLD,Spirits > RUM,Images/Mojito.jpg,captain_morgan_spiced_gold.jpg,CAPTAIN MORGAN SPICED GOLD.jpg,100,T1,exact normalized (unique),MATCHED
365,CAPTAIN MORGAN DARK RUM,Spirits > RUM,Images/Mojito.jpg,captain_morgan_dark_rum.jpg,CAPTAIN MORGAN DARK RUM.jpg,100,T1,exact normalized (unique),MATCHED
366,BACARDI SUPERIOR WHITE,Spirits > RUM,Images/Mojito.jpg,bacardi_superior_white.jpg,BACARDI SUPERIOR WHITE.jpg,100,T1,exact normalized (unique),MATCHED
367,BACARDI SUPERIOR BLACK,Spirits > RUM,Images/Mojito.jpg,bacardi_superior_black.jpg,BACARDI SUPERIOR BLACK.jpg,100,T1,exact normalized (unique),MATCHED
368,MAKERS MARK,Spirits > BOURBON,Images/Mojito.jpg,makers_mark.jpg,MAKERS MARK.jpg,100,T1,exact normalized (unique),MATCHED
369,BUFFALO TRACE,Spirits > BOURBON,Images/Mojito.jpg,buffalo_trace.jpg,BUFFALO TRACE.jpg,100,T1,exact normalized (unique),MATCHED
370,BLANTONS ORIGINAL SINGLE BARREL,Spirits > BOURBON,Images/Mojito.jpg,blantons_original_single_barrel.jpg,BLANTONS ORIGINAL SINGLE BARREL.jpg,100,T1,exact normalized (unique),MATCHED
371,SOUTHERN COMFORT ORIGINAL,Spirits > LIQUEURS,Images/Mojito.jpg,southern_comfort_original.jpg,SOUTHERN COMFORT ORIGINAL.jpg,100,T1,exact normalized (unique),MATCHED
372,SIDEKICK COOKIES & CREAM,Spirits > LIQUEURS,Images/Mojito.jpg,sidekick_cookies_and_cream.jpg,SIDEKICK COOKIES & CREAM.jpg,100,T1,exact normalized (unique),MATCHED
373,KAHLUA,Spirits > LIQUEURS,Images/Mojito.jpg,kahlua.jpg,KAHLUA.jpg,100,T1,exact normalized (unique),MATCHED
374,FRANGELICO,Spirits > LIQUEURS,Images/Mojito.jpg,frangelico.jpg,FRANGELICO.jpg,100,T1,exact normalized (unique),MATCHED
375,AMARULA,Spirits > LIQUEURS,Images/Mojito.jpg,amarula.jpg,AMARULA.jpg,100,T1,exact normalized (unique),MATCHED
376,COINTREAU,Spirits > LIQUEURS,Images/Mojito.jpg,cointreau.jpg,COINTREAU.jpg,100,T1,exact normalized (unique),MATCHED
377,JAGERMEISTER,"Spirits > DIGESTIFS, PORTS & APERITIFS",Images/Mojito.jpg,jagermeister.jpg,JAGERMEISTER.jpg,100,T1,exact normalized (unique),MATCHED
378,UNDERBERG,"Spirits > DIGESTIFS, PORTS & APERITIFS",Images/Mojito.jpg,underberg.jpg,UNDERBERG.jpg,100,T1,exact normalized (unique),MATCHED
379,FERREIRA RUBY,"Spirits > DIGESTIFS, PORTS & APERITIFS",Images/Mojito.jpg,ferreira_ruby.jpg,FERREIRA RUBY.jpg,100,T1,exact normalized (unique),MATCHED
380,FERREIRA TAWNY,"Spirits > DIGESTIFS, PORTS & APERITIFS",Images/Mojito.jpg,ferreira_tawny.jpg,FERREIRA TAWNY.jpg,100,T1,exact normalized (unique),MATCHED
381,DE KRANS CAPE RUBY,"Spirits > DIGESTIFS, PORTS & APERITIFS",Images/Mojito.jpg,de_krans_cape_ruby.jpg,DE KRANS CAPE RUBY.jpg,100,T1,exact normalized (unique),MATCHED
382,CINZANO BIANCO,"Spirits > DIGESTIFS, PORTS & APERITIFS",Images/Mojito.jpg,cinzano_bianco.jpg,CINZANO BIANCO.jpg,100,T1,exact normalized (unique),MATCHED
383,DALLA CIA GRAPPA,"Spirits > DIGESTIFS, PORTS & APERITIFS",Images/Mojito.jpg,dalla_cia_grappa.jpg,DALLA CIA GRAPPA.jpg,100,T1,exact normalized (unique),MATCHED
384,APEROL CAMPARI,"Spirits > DIGESTIFS, PORTS & APERITIFS",Images/Mojito.jpg,aperol_campari.jpg,APEROL CAMPARI.jpg,100,T1,exact normalized (unique),MATCHED
385,MARGARITA,Cocktails > CLASSIC COCKTAILS,Images/Margarita.jpg,margarita.jpg,MARGARITA.jpg,100,T1,exact normalized (unique),MATCHED
386,COSMOPOLITAN,Cocktails > CLASSIC COCKTAILS,Images/Cosmopolitan.jpg,cosmopolitan.jpg,COSMOPOLITAN.jpg,100,T1,exact normalized (unique),MATCHED
387,MARTINI (GIN),Cocktails > CLASSIC COCKTAILS,Images/Mojito.jpg,martini_gin.jpg,MARTINI (GIN).jpg,100,T1,exact normalized (unique),MATCHED
388,MOJITO,Cocktails > CLASSIC COCKTAILS,Images/Mojito.jpg,mojito.jpg,MOJITO.jpg,100,T1,exact normalized (unique),MATCHED
389,PINA COLADA,Cocktails > CLASSIC COCKTAILS,Images/Mojito.jpg,pina_colada.jpg,PINA COLADA.jpg,100,T1,exact normalized (unique),MATCHED
390,FRUIT DAIQUIRI - BLUEBERRY,Cocktails > FLAVOURED & GIN COCKTAILS,Images/Mojito.jpg,fruit_daiquiri_blueberry.jpg,FRUIT DAIQUIRI - BLUEBERRY.jpg,100,T1,exact normalized (unique),MATCHED
391,FRUIT DAIQUIRI - STRAWBERRY,Cocktails > FLAVOURED & GIN COCKTAILS,Images/Mojito.jpg,fruit_daiquiri_strawberry.jpg,FRUIT DAIQUIRI - STRAWBERRY.jpg,100,T1,exact normalized (unique),MATCHED
392,FRUIT DAIQUIRI - GREEN APPLE,Cocktails > FLAVOURED & GIN COCKTAILS,Images/Mojito.jpg,fruit_daiquiri_green_apple.jpg,FRUIT DAIQUIRI - GREEN APPLE.jpg,100,T1,exact normalized (unique),MATCHED
393,FRUIT DAIQUIRI - MANGO,Cocktails > FLAVOURED & GIN COCKTAILS,Images/Mojito.jpg,fruit_daiquiri_mango.jpg,FRUIT DAIQUIRI - MANGO.jpg,100,T1,exact normalized (unique),MATCHED
394,FLAVOURED MOJITO - GREEN APPLE,Cocktails > FLAVOURED & GIN COCKTAILS,Images/Mojito.jpg,flavoured_mojito_green_apple.jpg,FLAVOURED MOJITO - GREEN APPLE.jpg,100,T1,exact normalized (unique),MATCHED
395,FLAVOURED MOJITO - STRAWBERRY,Cocktails > FLAVOURED & GIN COCKTAILS,Images/Mojito.jpg,flavoured_mojito_strawberry.jpg,FLAVOURED MOJITO - STRAWBERRY.jpg,100,T1,exact normalized (unique),MATCHED
396,FLAVOURED MOJITO - BLUEBERRY,Cocktails > FLAVOURED & GIN COCKTAILS,Images/Mojito.jpg,flavoured_mojito_blueberry.jpg,FLAVOURED MOJITO - BLUEBERRY.jpg,100,T1,exact normalized (unique),MATCHED
397,FLAVOURED MOJITO - MANGO,Cocktails > FLAVOURED & GIN COCKTAILS,Images/Mojito.jpg,flavoured_mojito_mango.jpg,FLAVOURED MOJITO - MANGO.jpg,100,T1,exact normalized (unique),MATCHED
398,CUCUMBER AND MINT G&T,Cocktails > FLAVOURED & GIN COCKTAILS,Images/Mojito.jpg,cucumber_and_mint_gandt.jpg,CUCUMBER AND MINT G&T.jpg,99,T1c,ampersand/space-collapsed (unique),MATCHED
399,HIBISCUS AND MINT G&T,Cocktails > FLAVOURED & GIN COCKTAILS,Images/Mojito.jpg,hibiscus_and_mint_gandt.jpg,HIBISCUS AND MINT G&T.jpg,99,T1c,ampersand/space-collapsed (unique),MATCHED
400,PINK GRAPEFRUIT AND ROSEMARY G&T,Cocktails > FLAVOURED & GIN COCKTAILS,Images/Mojito.jpg,pink_grapefruit_and_rosemary_gandt.jpg,PINK GRAPEFRUIT AND ROSEMARY G&T.jpg,99,T1c,ampersand/space-collapsed (unique),MATCHED
401,JOHNNIE BLONDE AND TONIC,Cocktails > PREMIUM COCKTAILS,Images/Mojito.jpg,johnnie_blonde_and_tonic.jpg,JOHNNIE BLONDE AND TONIC.jpg,100,T1,exact normalized (unique),MATCHED
402,WATERMELON GIN BULL,Cocktails > PREMIUM COCKTAILS,Images/Bottled Water.jpg,watermelon_gin_bull.jpg,WATERMELON GIN BULL.jpg,100,T1,exact normalized (unique),MATCHED
403,GLENFIDDICH 12 YEAR WHISKY SOUR,Cocktails > PREMIUM COCKTAILS,Images/Johnnie Walker Black Label 12yo 750ml.jpeg,glenfiddich_12_year_whisky_sour.jpg,GLENFIDDICH 12 YEAR WHISKY SOUR.jpg,100,T1,exact normalized (unique),MATCHED
404,REMY MARTIN 1738 SIDE CAR,Cocktails > PREMIUM COCKTAILS,Images/Mojito.jpg,remy_martin_1738_side_car.jpg,REMY MARTIN 1738 SIDE CAR.jpg,100,T1,exact normalized (unique),MATCHED
405,DON MAGARITA,Cocktails > PREMIUM COCKTAILS,Images/Mojito.jpg,don_magarita.jpg,DON MAGARITA.jpg,100,T1,exact normalized (unique),MATCHED
406,CUCUMBER LEMONADE,Mocktails & Cold Beverages > MOCKTAILS,Images/Red Bull Energy Drink.jpg,cucumber_lemonade.jpg,CUCUMBER LEMONADE.jpg,100,T1,exact normalized (unique),MATCHED
407,FROZEN MINT LEMONADE,Mocktails & Cold Beverages > MOCKTAILS,Images/Red Bull Energy Drink.jpg,frozen_mint_lemonade.jpg,FROZEN MINT LEMONADE.jpg,100,T1,exact normalized (unique),MATCHED
408,FROZEN PINK GRAPEFRUIT LEMONADE,Mocktails & Cold Beverages > MOCKTAILS,Images/Old Fashioned.jpg,frozen_pink_grapefruit_lemonade.jpg,FROZEN PINK GRAPEFRUIT LEMONADE.jpg,100,T1,exact normalized (unique),MATCHED
409,ORIGINAL LEMONADE,Mocktails & Cold Beverages > MOCKTAILS,Images/Old Fashioned.jpg,original_lemonade.jpg,ORIGINAL LEMONADE.jpg,100,T1,exact normalized (unique),MATCHED
410,STRAWBERRY LEMONADE,Mocktails & Cold Beverages > MOCKTAILS,Images/Red Bull Energy Drink.jpg,strawberry_lemonade.jpg,STRAWBERRY LEMONADE.jpg,100,T1,exact normalized (unique),MATCHED
411,SOFT DRINKS,Mocktails & Cold Beverages > COLD BEVERAGES,Images/Mojito.jpg,soft_drinks.jpg,SOFT DRINKS.jpg,100,T1,exact normalized (unique),MATCHED
412,ICE TEA,Mocktails & Cold Beverages > COLD BEVERAGES,Images/Rooibos.jpg,ice_tea.jpg,ICE TEA.jpg,100,T1,exact normalized (unique),MATCHED
413,'TISERS,Mocktails & Cold Beverages > COLD BEVERAGES,Images/Mojito.jpg,tisers.jpg,'TISERS.jpg,100,T1,exact normalized (unique),MATCHED
414,WATER 250ML LA VIE,Mocktails & Cold Beverages > COLD BEVERAGES,Images/Simonsig Kaapse Vonkel Brut (Cap Classique).jpg,water_250ml_la_vie.jpg,WATER 250ML LA VIE.jpg,100,T1,exact normalized (unique),MATCHED
415,WATER 750ML LA VIE (TRUMPS),Mocktails & Cold Beverages > COLD BEVERAGES,Images/Simonsig Kaapse Vonkel Brut (Cap Classique).jpg,water_750ml_la_vie_trumps.jpg,WATER 750ML LA VIE (TRUMPS).jpg,100,T1,exact normalized (unique),MATCHED
416,SHAKES,Mocktails & Cold Beverages > COLD BEVERAGES,Images/Mojito.jpg,shakes.jpg,SHAKES.jpg,100,T1,exact normalized (unique),MATCHED
417,SPECIAL SHAKES,Mocktails & Cold Beverages > COLD BEVERAGES,Images/Mojito.jpg,special_shakes.jpg,SPECIAL SHAKES.jpg,100,T1,exact normalized (unique),MATCHED
418,FRUIT JUICES,Mocktails & Cold Beverages > COLD BEVERAGES,Images/Mojito.jpg,fruit_juices.jpg,FRUIT JUICES.jpg,100,T1,exact normalized (unique),MATCHED
419,BERRY FRUIT JUICES,Mocktails & Cold Beverages > COLD BEVERAGES,Images/Mojito.jpg,berry_fruit_juices.jpg,BERRY FRUIT JUICES.jpg,100,T1,exact normalized (unique),MATCHED
420,CORDIALS,Mocktails & Cold Beverages > COLD BEVERAGES,Images/Mojito.jpg,cordials.jpg,CORDIALS.jpg,100,T1,exact normalized (unique),MATCHED
421,RED BULL,Mocktails & Cold Beverages > COLD BEVERAGES,Images/Red Bull Energy Drink.jpg,red_bull.jpg,RED BULL.jpg,100,T1,exact normalized (unique),MATCHED
422,RED BULL SUGAR FREE,Mocktails & Cold Beverages > COLD BEVERAGES,Images/Red Bull Energy Drink.jpg,red_bull_sugar_free.jpg,RED BULL SUGAR FREE.jpg,100,T1,exact normalized (unique),MATCHED
423,RED BULL RED EDITION,Mocktails & Cold Beverages > COLD BEVERAGES,Images/Red Bull Energy Drink.jpg,red_bull_red_edition.jpg,RED BULL RED EDITION.jpg,100,T1,exact normalized (unique),MATCHED
424,DOM PEDRO,Mocktails & Cold Beverages > HOT BEVERAGES & DOM PEDROS,Images/Mojito.jpg,dom_pedro.jpg,DOM PEDRO.jpg,100,T1,exact normalized (unique),MATCHED
425,DOM AMARULA,Mocktails & Cold Beverages > HOT BEVERAGES & DOM PEDROS,Images/Mojito.jpg,dom_amarula.jpg,DOM AMARULA.jpg,100,T1,exact normalized (unique),MATCHED
426,DOM KAHLUA,Mocktails & Cold Beverages > HOT BEVERAGES & DOM PEDROS,Images/Mojito.jpg,dom_kahlua.jpg,DOM KAHLUA.jpg,100,T1,exact normalized (unique),MATCHED
427,IRISH COFFEE,Mocktails & Cold Beverages > HOT BEVERAGES & DOM PEDROS,Images/Jameson Irish Whiskey 750ml.jpg,irish_coffee.jpg,IRISH COFFEE.jpg,100,T1,exact normalized (unique),MATCHED
428,KAHLUA COFFEE,Mocktails & Cold Beverages > HOT BEVERAGES & DOM PEDROS,Images/Cappuccino.jpg,kahlua_coffee.jpg,KAHLUA COFFEE.jpg,100,T1,exact normalized (unique),MATCHED
429,AMERICANO COFFEE,Mocktails & Cold Beverages > HOT BEVERAGES & DOM PEDROS,Images/Cappuccino.jpg,americano_coffee.jpg,AMERICANO COFFEE.jpg,100,T1,exact normalized (unique),MATCHED
430,DECAF CAPPUCCINO,Mocktails & Cold Beverages > HOT BEVERAGES & DOM PEDROS,Images/Cappuccino.jpg,decaf_cappuccino.jpg,DECAF CAPPUCCINO.jpg,100,T1,exact normalized (unique),MATCHED
431,CAPPUCCINO,Mocktails & Cold Beverages > HOT BEVERAGES & DOM PEDROS,Images/Cappuccino.jpg,cappuccino.jpg,CAPPUCCINO.jpg,100,T1,exact normalized (unique),MATCHED
432,CAFÉ LATTE,Mocktails & Cold Beverages > HOT BEVERAGES & DOM PEDROS,Images/Cafe Latte.jpg,cafe_latte.jpg,CAFÉ LATTE.jpg,100,T1,exact normalized (unique),MATCHED
433,ESPRESSO SINGLE,Mocktails & Cold Beverages > HOT BEVERAGES & DOM PEDROS,Images/Espresso (Single).jpg,espresso_single.jpg,ESPRESSO SINGLE.jpg,100,T1,exact normalized (unique),MATCHED
434,ESPRESSO DOUBLE,Mocktails & Cold Beverages > HOT BEVERAGES & DOM PEDROS,Images/Espresso (Single).jpg,espresso_double.jpg,ESPRESSO DOUBLE.jpg,100,T1,exact normalized (unique),MATCHED
435,MACCHIATO,Mocktails & Cold Beverages > HOT BEVERAGES & DOM PEDROS,Images/Espresso (Single).jpg,macchiato.jpg,MACCHIATO.jpg,100,T1,exact normalized (unique),MATCHED
436,FIVE ROSES TEA,Mocktails & Cold Beverages > HOT BEVERAGES & DOM PEDROS,Images/Rooibos.jpg,five_roses_tea.jpg,FIVE ROSES TEA.jpg,100,T1,exact normalized (unique),MATCHED
437,ROOIBOS TEA,Mocktails & Cold Beverages > HOT BEVERAGES & DOM PEDROS,Images/Rooibos.jpg,rooibos_tea.jpg,ROOIBOS TEA.jpg,100,T1,exact normalized (unique),MATCHED
438,GREEN TEA,Mocktails & Cold Beverages > HOT BEVERAGES & DOM PEDROS,Images/Rooibos.jpg,green_tea.jpg,GREEN TEA.jpg,100,T1,exact normalized (unique),MATCHED
439,EARL GREY TEA,Mocktails & Cold Beverages > HOT BEVERAGES & DOM PEDROS,Images/Rooibos.jpg,earl_grey_tea.jpg,EARL GREY TEA.jpg,100,T1,exact normalized (unique),MATCHED
